code,name,seq,new_high_date,high,prior_52w_high,triple_low_date,triple_high_date,triple_multiple
60720,地盤ネットホールディングス株式会社,1,2026-02-10,248.0,233.0,2025-04-07,2026-02-13,4.87
60720,地盤ネットホールディングス株式会社,2,2026-02-12,328.0,248.0,2025-04-07,2026-02-13,4.87
60720,地盤ネットホールディングス株式会社,3,2026-02-13,648.0,328.0,2025-04-07,2026-02-13,4.87
35420,株式会社ベガコーポレーション,1,2025-07-28,2368.0,2300.0,2024-12-25,2025-07-31,3.93
92270,マイクロ波化学株式会社,1,2025-10-15,865.0,847.0,2025-04-07,2026-01-14,3.77
92270,マイクロ波化学株式会社,2,2026-01-09,905.0,865.0,2025-04-07,2026-01-14,3.77
92270,マイクロ波化学株式会社,3,2026-01-13,1020.0,905.0,2025-04-07,2026-01-14,3.77
92270,マイクロ波化学株式会社,4,2026-01-14,1320.0,1020.0,2025-04-07,2026-01-14,3.77
36920,株式会社ＦＦＲＩセキュリティ,1,2025-07-28,6810.0,6680.0,2024-08-05,2025-07-31,3.74
65970,ＨＰＣシステムズ株式会社,1,2025-09-22,2270.0,2230.0,2025-04-07,2026-04-06,3.57
65970,ＨＰＣシステムズ株式会社,2,2025-09-24,2339.0,2270.0,2025-04-07,2026-04-06,3.57
65970,ＨＰＣシステムズ株式会社,3,2026-04-03,2598.0,2339.0,2025-04-07,2026-04-06,3.57
65970,ＨＰＣシステムズ株式会社,4,2026-04-06,3390.0,2598.0,2025-04-07,2026-04-06,3.57
78060,株式会社ＭＴＧ,1,2025-07-31,4965.0,4845.0,2024-08-05,2025-07-31,3.55
45700,株式会社免疫生物研究所,1,2025-11-06,605.0,602.0,2025-04-07,2025-11-19,3.44
45700,株式会社免疫生物研究所,2,2025-11-13,630.0,605.0,2025-04-07,2025-11-19,3.44
45700,株式会社免疫生物研究所,3,2025-11-14,701.0,630.0,2025-04-07,2025-11-19,3.44
45700,株式会社免疫生物研究所,4,2025-11-17,851.0,701.0,2025-04-07,2025-11-19,3.44
45700,株式会社免疫生物研究所,5,2025-11-18,1001.0,851.0,2025-04-07,2025-11-19,3.44
45700,株式会社免疫生物研究所,6,2025-11-19,1301.0,1001.0,2025-04-07,2025-11-19,3.44
77770,株式会社スリー・ディー・マトリックス,1,2025-09-12,290.0,283.0,2024-10-25,2025-09-16,3.43
77770,株式会社スリー・ディー・マトリックス,2,2025-09-16,343.0,290.0,2024-10-25,2025-09-16,3.43
73180,セレンディップ・ホールディングス株式会社,1,2025-07-28,3780.0,3605.0,2024-08-05,2025-07-31,3.41
73180,セレンディップ・ホールディングス株式会社,2,2025-07-30,3800.0,3780.0,2024-08-05,2025-07-31,3.41
50310,モイ株式会社,1,2025-09-11,320.0,313.0,2025-07-03,2026-05-22,3.33
50310,モイ株式会社,2,2025-12-10,325.0,320.0,2025-07-03,2026-05-22,3.33
50310,モイ株式会社,3,2025-12-11,380.0,325.0,2025-07-03,2026-05-22,3.33
50310,モイ株式会社,4,2026-05-21,437.0,380.0,2025-07-03,2026-05-22,3.33
50310,モイ株式会社,5,2026-05-22,747.0,437.0,2025-07-03,2026-05-22,3.33
155A0,株式会社情報戦略テクノロジー,1,2025-07-29,669.0,616.0,2025-04-07,2025-08-01,3.31
155A0,株式会社情報戦略テクノロジー,2,2025-07-30,769.0,669.0,2025-04-07,2025-08-01,3.31
155A0,株式会社情報戦略テクノロジー,3,2025-07-31,869.0,769.0,2025-04-07,2025-08-01,3.31
155A0,株式会社情報戦略テクノロジー,4,2025-08-01,1019.0,869.0,2025-04-07,2025-08-01,3.31
92410,株式会社フューチャーリンクネットワーク,1,2025-07-28,2365.0,2150.0,2025-01-15,2025-08-01,3.28
92410,株式会社フューチャーリンクネットワーク,2,2025-07-29,2855.0,2365.0,2025-01-15,2025-08-01,3.28
92410,株式会社フューチャーリンクネットワーク,3,2025-07-31,3275.0,2855.0,2025-01-15,2025-08-01,3.28
92410,株式会社フューチャーリンクネットワーク,4,2025-08-01,3670.0,3275.0,2025-01-15,2025-08-01,3.28
70840,株式会社Ｓｍｉｌｅ　Ｈｏｌｄｉｎｇｓ,1,2025-07-28,1898.0,1857.0,2024-12-26,2025-09-02,3.24
70840,株式会社Ｓｍｉｌｅ　Ｈｏｌｄｉｎｇｓ,2,2025-07-29,1899.0,1898.0,2024-12-26,2025-09-02,3.24
70840,株式会社Ｓｍｉｌｅ　Ｈｏｌｄｉｎｇｓ,3,2025-07-30,1900.0,1899.0,2024-12-26,2025-09-02,3.24
70840,株式会社Ｓｍｉｌｅ　Ｈｏｌｄｉｎｇｓ,4,2025-07-31,1948.0,1900.0,2024-12-26,2025-09-02,3.24
70840,株式会社Ｓｍｉｌｅ　Ｈｏｌｄｉｎｇｓ,5,2025-08-01,1969.0,1948.0,2024-12-26,2025-09-02,3.24
70840,株式会社Ｓｍｉｌｅ　Ｈｏｌｄｉｎｇｓ,6,2025-08-06,1987.0,1969.0,2024-12-26,2025-09-02,3.24
70840,株式会社Ｓｍｉｌｅ　Ｈｏｌｄｉｎｇｓ,7,2025-08-13,1988.0,1987.0,2024-12-26,2025-09-02,3.24
70840,株式会社Ｓｍｉｌｅ　Ｈｏｌｄｉｎｇｓ,8,2025-08-15,2035.0,1988.0,2024-12-26,2025-09-02,3.24
70840,株式会社Ｓｍｉｌｅ　Ｈｏｌｄｉｎｇｓ,9,2025-08-18,2065.0,2035.0,2024-12-26,2025-09-02,3.24
70840,株式会社Ｓｍｉｌｅ　Ｈｏｌｄｉｎｇｓ,10,2025-08-20,2069.0,2065.0,2024-12-26,2025-09-02,3.24
70840,株式会社Ｓｍｉｌｅ　Ｈｏｌｄｉｎｇｓ,11,2025-08-21,2100.0,2069.0,2024-12-26,2025-09-02,3.24
70840,株式会社Ｓｍｉｌｅ　Ｈｏｌｄｉｎｇｓ,12,2025-08-22,2101.0,2100.0,2024-12-26,2025-09-02,3.24
70840,株式会社Ｓｍｉｌｅ　Ｈｏｌｄｉｎｇｓ,13,2025-08-25,2147.0,2101.0,2024-12-26,2025-09-02,3.24
70840,株式会社Ｓｍｉｌｅ　Ｈｏｌｄｉｎｇｓ,14,2025-08-26,2148.0,2147.0,2024-12-26,2025-09-02,3.24
70840,株式会社Ｓｍｉｌｅ　Ｈｏｌｄｉｎｇｓ,15,2025-08-27,2149.0,2148.0,2024-12-26,2025-09-02,3.24
70840,株式会社Ｓｍｉｌｅ　Ｈｏｌｄｉｎｇｓ,16,2025-08-28,2196.0,2149.0,2024-12-26,2025-09-02,3.24
70840,株式会社Ｓｍｉｌｅ　Ｈｏｌｄｉｎｇｓ,17,2025-08-29,2219.0,2196.0,2024-12-26,2025-09-02,3.24
70840,株式会社Ｓｍｉｌｅ　Ｈｏｌｄｉｎｇｓ,18,2025-09-01,2259.0,2219.0,2024-12-26,2025-09-02,3.24
70840,株式会社Ｓｍｉｌｅ　Ｈｏｌｄｉｎｇｓ,19,2025-09-02,2470.0,2259.0,2024-12-26,2025-09-02,3.24
92710,株式会社和心,1,2025-08-18,762.0,742.0,2025-04-07,2025-10-30,3.21
92710,株式会社和心,2,2025-08-19,910.0,762.0,2025-04-07,2025-10-30,3.21
92710,株式会社和心,3,2025-08-25,957.0,910.0,2025-04-07,2025-10-30,3.21
92710,株式会社和心,4,2025-09-18,965.0,957.0,2025-04-07,2025-10-30,3.21
92710,株式会社和心,5,2025-09-19,976.0,965.0,2025-04-07,2025-10-30,3.21
92710,株式会社和心,6,2025-09-22,979.0,976.0,2025-04-07,2025-10-30,3.21
92710,株式会社和心,7,2025-10-28,1032.0,979.0,2025-04-07,2025-10-30,3.21
92710,株式会社和心,8,2025-10-29,1042.0,1032.0,2025-04-07,2025-10-30,3.21
92710,株式会社和心,9,2025-10-30,1119.0,1042.0,2025-04-07,2025-10-30,3.21
61660,株式会社中村超硬,1,2026-01-19,469.0,395.0,2025-12-11,2026-01-20,3.19
61660,株式会社中村超硬,2,2026-01-20,789.0,469.0,2025-12-11,2026-01-20,3.19
280A0,株式会社ＴＭＨ,1,2026-05-12,1835.0,1770.0,2025-12-02,2026-05-26,3.19
280A0,株式会社ＴＭＨ,2,2026-05-22,2112.0,1835.0,2025-12-02,2026-05-26,3.19
280A0,株式会社ＴＭＨ,3,2026-05-25,2320.0,2112.0,2025-12-02,2026-05-26,3.19
280A0,株式会社ＴＭＨ,4,2026-05-26,2820.0,2320.0,2025-12-02,2026-05-26,3.19
95560,ＩＮＴＬＯＯＰ株式会社,1,2025-07-28,7210.0,7040.0,2024-08-05,2025-07-31,3.15
95560,ＩＮＴＬＯＯＰ株式会社,2,2025-07-31,7280.0,7210.0,2024-08-05,2025-07-31,3.15
194A0,株式会社ＷＯＬＶＥＳ　ＨＡＮＤ,1,2025-09-29,1116.0,1100.0,2025-04-07,2025-11-12,3.15
194A0,株式会社ＷＯＬＶＥＳ　ＨＡＮＤ,2,2025-10-03,1144.0,1116.0,2025-04-07,2025-11-12,3.15
194A0,株式会社ＷＯＬＶＥＳ　ＨＡＮＤ,3,2025-10-06,1198.0,1144.0,2025-04-07,2025-11-12,3.15
194A0,株式会社ＷＯＬＶＥＳ　ＨＡＮＤ,4,2025-10-14,1216.0,1198.0,2025-04-07,2025-11-12,3.15
194A0,株式会社ＷＯＬＶＥＳ　ＨＡＮＤ,5,2025-10-17,1249.0,1216.0,2025-04-07,2025-11-12,3.15
194A0,株式会社ＷＯＬＶＥＳ　ＨＡＮＤ,6,2025-10-20,1364.0,1249.0,2025-04-07,2025-11-12,3.15
194A0,株式会社ＷＯＬＶＥＳ　ＨＡＮＤ,7,2025-10-21,1512.0,1364.0,2025-04-07,2025-11-12,3.15
194A0,株式会社ＷＯＬＶＥＳ　ＨＡＮＤ,8,2025-10-24,1649.0,1512.0,2025-04-07,2025-11-12,3.15
194A0,株式会社ＷＯＬＶＥＳ　ＨＡＮＤ,9,2025-10-27,1669.0,1649.0,2025-04-07,2025-11-12,3.15
194A0,株式会社ＷＯＬＶＥＳ　ＨＡＮＤ,10,2025-11-12,1786.0,1669.0,2025-04-07,2025-11-12,3.15
92400,株式会社デリバリーコンサルティング,1,2025-10-07,932.0,926.0,2025-04-07,2025-10-07,3.12
55320,株式会社リアルゲイト,1,2025-08-15,3040.0,2904.0,2025-04-07,2025-08-18,3.11
55320,株式会社リアルゲイト,2,2025-08-18,3220.0,3040.0,2025-04-07,2025-08-18,3.11
41700,株式会社Ｋａｉｚｅｎ　Ｐｌａｔｆｏｒｍ,1,2026-08-26,302.0,242.0,2026-06-16,2026-08-26,3.11
44180,株式会社ＪＤＳＣ,1,2025-08-05,1264.0,1248.0,2025-04-07,2025-10-23,3.1
44180,株式会社ＪＤＳＣ,2,2025-08-07,1288.0,1264.0,2025-04-07,2025-10-23,3.1
44180,株式会社ＪＤＳＣ,3,2025-10-21,1381.0,1288.0,2025-04-07,2025-10-23,3.1
44180,株式会社ＪＤＳＣ,4,2025-10-22,1681.0,1381.0,2025-04-07,2025-10-23,3.1
44180,株式会社ＪＤＳＣ,5,2025-10-23,1946.0,1681.0,2025-04-07,2025-10-23,3.1
73590,株式会社東京通信グループ,1,2025-08-12,557.0,545.0,2025-04-07,2025-08-13,3.1
73590,株式会社東京通信グループ,2,2025-08-13,580.0,557.0,2025-04-07,2025-08-13,3.1
157A0,グリーンモンスター株式会社,1,2025-11-17,762.0,716.0,2025-04-04,2026-01-21,3.1
157A0,グリーンモンスター株式会社,2,2025-11-18,912.0,762.0,2025-04-04,2026-01-21,3.1
157A0,グリーンモンスター株式会社,3,2025-11-19,1062.0,912.0,2025-04-04,2026-01-21,3.1
157A0,グリーンモンスター株式会社,4,2025-11-20,1199.0,1062.0,2025-04-04,2026-01-21,3.1
157A0,グリーンモンスター株式会社,5,2026-01-20,1288.0,1199.0,2025-04-04,2026-01-21,3.1
157A0,グリーンモンスター株式会社,6,2026-01-21,1380.0,1288.0,2025-04-04,2026-01-21,3.1
14010,株式会社エムビーエス,1,2026-01-19,1682.0,1660.0,2025-04-09,2026-01-20,3.08
14010,株式会社エムビーエス,2,2026-01-20,1847.0,1682.0,2025-04-09,2026-01-20,3.08
43950,株式会社アクリート,1,2025-08-22,1078.0,1039.0,2024-10-25,2025-08-26,3.08
43950,株式会社アクリート,2,2025-08-25,1378.0,1078.0,2024-10-25,2025-08-26,3.08
43950,株式会社アクリート,3,2025-08-26,1665.0,1378.0,2024-10-25,2025-08-26,3.08
92560,株式会社サクシード,1,2026-05-12,984.0,955.0,2026-04-28,2026-05-22,3.08
92560,株式会社サクシード,2,2026-05-13,1124.0,984.0,2026-04-28,2026-05-22,3.08
92560,株式会社サクシード,3,2026-05-14,1424.0,1124.0,2026-04-28,2026-05-22,3.08
92560,株式会社サクシード,4,2026-05-15,1724.0,1424.0,2026-04-28,2026-05-22,3.08
92560,株式会社サクシード,5,2026-05-18,2000.0,1724.0,2026-04-28,2026-05-22,3.08
92560,株式会社サクシード,6,2026-05-19,2042.0,2000.0,2026-04-28,2026-05-22,3.08
92560,株式会社サクシード,7,2026-05-20,2050.0,2042.0,2026-04-28,2026-05-22,3.08
92560,株式会社サクシード,8,2026-05-21,2208.0,2050.0,2026-04-28,2026-05-22,3.08
92560,株式会社サクシード,9,2026-05-22,2377.0,2208.0,2026-04-28,2026-05-22,3.08
55780,ＡＲアドバンストテクノロジ株式会社,1,2025-07-28,2893.0,2800.0,2024-10-25,2025-09-25,3.07
55780,ＡＲアドバンストテクノロジ株式会社,2,2025-07-31,2922.0,2893.0,2024-10-25,2025-09-25,3.07
55780,ＡＲアドバンストテクノロジ株式会社,3,2025-08-01,2970.0,2922.0,2024-10-25,2025-09-25,3.07
55780,ＡＲアドバンストテクノロジ株式会社,4,2025-08-04,2990.0,2970.0,2024-10-25,2025-09-25,3.07
55780,ＡＲアドバンストテクノロジ株式会社,5,2025-09-16,3070.0,2990.0,2024-10-25,2025-09-25,3.07
55780,ＡＲアドバンストテクノロジ株式会社,6,2025-09-17,3290.0,3070.0,2024-10-25,2025-09-25,3.07
55780,ＡＲアドバンストテクノロジ株式会社,7,2025-09-24,3295.0,3290.0,2024-10-25,2025-09-25,3.07
55780,ＡＲアドバンストテクノロジ株式会社,8,2025-09-25,3425.0,3295.0,2024-10-25,2025-09-25,3.07
42590,株式会社エクサウィザーズ,1,2025-08-14,574.0,541.0,2025-04-07,2025-11-12,3.06
42590,株式会社エクサウィザーズ,2,2025-09-19,582.0,574.0,2025-04-07,2025-11-12,3.06
42590,株式会社エクサウィザーズ,3,2025-10-06,585.0,582.0,2025-04-07,2025-11-12,3.06
42590,株式会社エクサウィザーズ,4,2025-10-07,608.0,585.0,2025-04-07,2025-11-12,3.06
42590,株式会社エクサウィザーズ,5,2025-10-08,633.0,608.0,2025-04-07,2025-11-12,3.06
42590,株式会社エクサウィザーズ,6,2025-10-28,640.0,633.0,2025-04-07,2025-11-12,3.06
42590,株式会社エクサウィザーズ,7,2025-10-31,685.0,640.0,2025-04-07,2025-11-12,3.06
42590,株式会社エクサウィザーズ,8,2025-11-12,743.0,685.0,2025-04-07,2025-11-12,3.06
73750,株式会社リファインバースグループ,1,2025-08-15,912.0,875.0,2025-04-09,2026-04-06,3.06
73750,株式会社リファインバースグループ,2,2025-08-26,928.0,912.0,2025-04-09,2026-04-06,3.06
73750,株式会社リファインバースグループ,3,2025-08-27,932.0,928.0,2025-04-09,2026-04-06,3.06
73750,株式会社リファインバースグループ,4,2025-08-28,949.0,932.0,2025-04-09,2026-04-06,3.06
73750,株式会社リファインバースグループ,5,2025-08-29,969.0,949.0,2025-04-09,2026-04-06,3.06
73750,株式会社リファインバースグループ,6,2025-09-02,1010.0,969.0,2025-04-09,2026-04-06,3.06
73750,株式会社リファインバースグループ,7,2025-09-03,1252.0,1010.0,2025-04-09,2026-04-06,3.06
73750,株式会社リファインバースグループ,8,2026-03-19,1298.0,1252.0,2025-04-09,2026-04-06,3.06
73750,株式会社リファインバースグループ,9,2026-03-26,1387.0,1298.0,2025-04-09,2026-04-06,3.06
73750,株式会社リファインバースグループ,10,2026-03-27,1568.0,1387.0,2025-04-09,2026-04-06,3.06
73750,株式会社リファインバースグループ,11,2026-04-02,1618.0,1568.0,2025-04-09,2026-04-06,3.06
73750,株式会社リファインバースグループ,12,2026-04-03,1881.0,1618.0,2025-04-09,2026-04-06,3.06
73750,株式会社リファインバースグループ,13,2026-04-06,1930.0,1881.0,2025-04-09,2026-04-06,3.06
40750,ブレインズテクノロジー株式会社,1,2025-08-22,938.0,928.0,2025-04-09,2026-03-12,3.05
40750,ブレインズテクノロジー株式会社,2,2025-08-25,947.0,938.0,2025-04-09,2026-03-12,3.05
40750,ブレインズテクノロジー株式会社,3,2025-09-08,955.0,947.0,2025-04-09,2026-03-12,3.05
40750,ブレインズテクノロジー株式会社,4,2025-09-09,964.0,955.0,2025-04-09,2026-03-12,3.05
40750,ブレインズテクノロジー株式会社,5,2025-11-26,985.0,964.0,2025-04-09,2026-03-12,3.05
40750,ブレインズテクノロジー株式会社,6,2025-11-27,988.0,985.0,2025-04-09,2026-03-12,3.05
40750,ブレインズテクノロジー株式会社,7,2025-12-11,990.0,988.0,2025-04-09,2026-03-12,3.05
40750,ブレインズテクノロジー株式会社,8,2026-03-09,1126.0,990.0,2025-04-09,2026-03-12,3.05
40750,ブレインズテクノロジー株式会社,9,2026-03-10,1426.0,1126.0,2025-04-09,2026-03-12,3.05
40750,ブレインズテクノロジー株式会社,10,2026-03-11,1616.0,1426.0,2025-04-09,2026-03-12,3.05
40750,ブレインズテクノロジー株式会社,11,2026-03-12,1680.0,1616.0,2025-04-09,2026-03-12,3.05
92700,バリュエンスホールディングス株式会社,1,2025-12-24,1100.0,1086.0,2025-04-07,2026-04-06,3.04
92700,バリュエンスホールディングス株式会社,2,2025-12-25,1240.0,1100.0,2025-04-07,2026-04-06,3.04
92700,バリュエンスホールディングス株式会社,3,2026-01-09,1525.0,1240.0,2025-04-07,2026-04-06,3.04
92700,バリュエンスホールディングス株式会社,4,2026-01-13,1609.0,1525.0,2025-04-07,2026-04-06,3.04
92700,バリュエンスホールディングス株式会社,5,2026-01-14,1875.0,1609.0,2025-04-07,2026-04-06,3.04
92700,バリュエンスホールディングス株式会社,6,2026-01-16,1950.0,1875.0,2025-04-07,2026-04-06,3.04
92700,バリュエンスホールディングス株式会社,7,2026-01-19,1979.0,1950.0,2025-04-07,2026-04-06,3.04
92700,バリュエンスホールディングス株式会社,8,2026-04-03,2012.0,1979.0,2025-04-07,2026-04-06,3.04
92700,バリュエンスホールディングス株式会社,9,2026-04-06,2139.0,2012.0,2025-04-07,2026-04-06,3.04
42550,ＴＨＥＣＯＯ株式会社,1,2025-08-13,970.0,938.0,2024-12-26,2025-11-25,3.03
42550,ＴＨＥＣＯＯ株式会社,2,2025-08-14,1005.0,970.0,2024-12-26,2025-11-25,3.03
42550,ＴＨＥＣＯＯ株式会社,3,2025-08-19,1130.0,1005.0,2024-12-26,2025-11-25,3.03
42550,ＴＨＥＣＯＯ株式会社,4,2025-08-20,1328.0,1130.0,2024-12-26,2025-11-25,3.03
42550,ＴＨＥＣＯＯ株式会社,5,2025-11-14,1461.0,1328.0,2024-12-26,2025-11-25,3.03
42550,ＴＨＥＣＯＯ株式会社,6,2025-11-17,1750.0,1461.0,2024-12-26,2025-11-25,3.03
42550,ＴＨＥＣＯＯ株式会社,7,2025-11-25,1888.0,1750.0,2024-12-26,2025-11-25,3.03
44790,株式会社マクアケ,1,2025-07-28,981.0,970.0,2024-12-25,2025-08-27,3.02
44790,株式会社マクアケ,2,2025-07-30,1054.0,981.0,2024-12-25,2025-08-27,3.02
44790,株式会社マクアケ,3,2025-08-04,1108.0,1054.0,2024-12-25,2025-08-27,3.02
44790,株式会社マクアケ,4,2025-08-05,1137.0,1108.0,2024-12-25,2025-08-27,3.02
44790,株式会社マクアケ,5,2025-08-06,1166.0,1137.0,2024-12-25,2025-08-27,3.02
44790,株式会社マクアケ,6,2025-08-07,1192.0,1166.0,2024-12-25,2025-08-27,3.02
44790,株式会社マクアケ,7,2025-08-27,1345.0,1192.0,2024-12-25,2025-08-27,3.02
76850,株式会社ＢｕｙＳｅｌｌ　Ｔｅｃｈｎｏｌｏｇｉｅｓ,1,2026-01-05,4990.0,4920.0,2025-04-07,2026-03-12,3.01
76850,株式会社ＢｕｙＳｅｌｌ　Ｔｅｃｈｎｏｌｏｇｉｅｓ,2,2026-01-09,5050.0,4990.0,2025-04-07,2026-03-12,3.01
76850,株式会社ＢｕｙＳｅｌｌ　Ｔｅｃｈｎｏｌｏｇｉｅｓ,3,2026-01-13,5220.0,5050.0,2025-04-07,2026-03-12,3.01
76850,株式会社ＢｕｙＳｅｌｌ　Ｔｅｃｈｎｏｌｏｇｉｅｓ,4,2026-02-10,5240.0,5220.0,2025-04-07,2026-03-12,3.01
76850,株式会社ＢｕｙＳｅｌｌ　Ｔｅｃｈｎｏｌｏｇｉｅｓ,5,2026-02-12,5260.0,5240.0,2025-04-07,2026-03-12,3.01
76850,株式会社ＢｕｙＳｅｌｌ　Ｔｅｃｈｎｏｌｏｇｉｅｓ,6,2026-02-13,5290.0,5260.0,2025-04-07,2026-03-12,3.01
76850,株式会社ＢｕｙＳｅｌｌ　Ｔｅｃｈｎｏｌｏｇｉｅｓ,7,2026-02-16,5590.0,5290.0,2025-04-07,2026-03-12,3.01
76850,株式会社ＢｕｙＳｅｌｌ　Ｔｅｃｈｎｏｌｏｇｉｅｓ,8,2026-02-17,5710.0,5590.0,2025-04-07,2026-03-12,3.01
76850,株式会社ＢｕｙＳｅｌｌ　Ｔｅｃｈｎｏｌｏｇｉｅｓ,9,2026-02-18,5960.0,5710.0,2025-04-07,2026-03-12,3.01
76850,株式会社ＢｕｙＳｅｌｌ　Ｔｅｃｈｎｏｌｏｇｉｅｓ,10,2026-02-19,6000.0,5960.0,2025-04-07,2026-03-12,3.01
76850,株式会社ＢｕｙＳｅｌｌ　Ｔｅｃｈｎｏｌｏｇｉｅｓ,11,2026-02-20,6220.0,6000.0,2025-04-07,2026-03-12,3.01
76850,株式会社ＢｕｙＳｅｌｌ　Ｔｅｃｈｎｏｌｏｇｉｅｓ,12,2026-02-24,6400.0,6220.0,2025-04-07,2026-03-12,3.01
76850,株式会社ＢｕｙＳｅｌｌ　Ｔｅｃｈｎｏｌｏｇｉｅｓ,13,2026-03-09,6590.0,6400.0,2025-04-07,2026-03-12,3.01
76850,株式会社ＢｕｙＳｅｌｌ　Ｔｅｃｈｎｏｌｏｇｉｅｓ,14,2026-03-10,6750.0,6590.0,2025-04-07,2026-03-12,3.01
76850,株式会社ＢｕｙＳｅｌｌ　Ｔｅｃｈｎｏｌｏｇｉｅｓ,15,2026-03-11,6810.0,6750.0,2025-04-07,2026-03-12,3.01
76850,株式会社ＢｕｙＳｅｌｌ　Ｔｅｃｈｎｏｌｏｇｉｅｓ,16,2026-03-12,6970.0,6810.0,2025-04-07,2026-03-12,3.01
29980,クリアル株式会社,1,2025-08-20,6570.0,6530.0,2024-12-23,2025-08-22,3.01
29980,クリアル株式会社,2,2025-08-21,7020.0,6570.0,2024-12-23,2025-08-22,3.01
29980,クリアル株式会社,3,2025-08-22,7770.0,7020.0,2024-12-23,2025-08-22,3.01
45790,ラクオリア創薬株式会社,1,2025-11-25,738.0,728.0,2025-04-07,2025-11-28,3.0
45790,ラクオリア創薬株式会社,2,2025-11-26,777.0,738.0,2025-04-07,2025-11-28,3.0
45790,ラクオリア創薬株式会社,3,2025-11-27,783.0,777.0,2025-04-07,2025-11-28,3.0
45790,ラクオリア創薬株式会社,4,2025-11-28,904.0,783.0,2025-04-07,2025-11-28,3.0
74090,ＡｅｒｏＥｄｇｅ株式会社,1,2025-07-29,3300.0,3275.0,2024-09-18,2025-08-15,3.0
74090,ＡｅｒｏＥｄｇｅ株式会社,2,2025-07-30,3305.0,3300.0,2024-09-18,2025-08-15,3.0
74090,ＡｅｒｏＥｄｇｅ株式会社,3,2025-07-31,3395.0,3305.0,2024-09-18,2025-08-15,3.0
74090,ＡｅｒｏＥｄｇｅ株式会社,4,2025-08-01,3440.0,3395.0,2024-09-18,2025-08-15,3.0
74090,ＡｅｒｏＥｄｇｅ株式会社,5,2025-08-06,3490.0,3440.0,2024-09-18,2025-08-15,3.0
74090,ＡｅｒｏＥｄｇｅ株式会社,6,2025-08-14,4080.0,3490.0,2024-09-18,2025-08-15,3.0
74090,ＡｅｒｏＥｄｇｅ株式会社,7,2025-08-15,4780.0,4080.0,2024-09-18,2025-08-15,3.0
145A0,株式会社Ｌ　ｉｓ　Ｂ,1,2025-07-29,1108.0,1100.0,2025-04-07,2025-09-02,3.0
145A0,株式会社Ｌ　ｉｓ　Ｂ,2,2025-07-30,1124.0,1108.0,2025-04-07,2025-09-02,3.0
145A0,株式会社Ｌ　ｉｓ　Ｂ,3,2025-08-06,1129.0,1124.0,2025-04-07,2025-09-02,3.0
145A0,株式会社Ｌ　ｉｓ　Ｂ,4,2025-08-12,1140.0,1129.0,2025-04-07,2025-09-02,3.0
145A0,株式会社Ｌ　ｉｓ　Ｂ,5,2025-08-13,1145.0,1140.0,2025-04-07,2025-09-02,3.0
145A0,株式会社Ｌ　ｉｓ　Ｂ,6,2025-08-14,1180.0,1145.0,2025-04-07,2025-09-02,3.0
145A0,株式会社Ｌ　ｉｓ　Ｂ,7,2025-08-15,1230.0,1180.0,2025-04-07,2025-09-02,3.0
145A0,株式会社Ｌ　ｉｓ　Ｂ,8,2025-08-18,1256.0,1230.0,2025-04-07,2025-09-02,3.0
145A0,株式会社Ｌ　ｉｓ　Ｂ,9,2025-08-19,1300.0,1256.0,2025-04-07,2025-09-02,3.0
145A0,株式会社Ｌ　ｉｓ　Ｂ,10,2025-08-21,1349.0,1300.0,2025-04-07,2025-09-02,3.0
145A0,株式会社Ｌ　ｉｓ　Ｂ,11,2025-08-22,1375.0,1349.0,2025-04-07,2025-09-02,3.0
145A0,株式会社Ｌ　ｉｓ　Ｂ,12,2025-08-25,1423.0,1375.0,2025-04-07,2025-09-02,3.0
145A0,株式会社Ｌ　ｉｓ　Ｂ,13,2025-08-27,1437.0,1423.0,2025-04-07,2025-09-02,3.0
145A0,株式会社Ｌ　ｉｓ　Ｂ,14,2025-09-01,1450.0,1437.0,2025-04-07,2025-09-02,3.0
145A0,株式会社Ｌ　ｉｓ　Ｂ,15,2025-09-02,1527.0,1450.0,2025-04-07,2025-09-02,3.0
