code,entry_date,entry_price,outcome,outcome_date,outcome_pct,hold_days
14010,2023-07-21,516.0,TIMEOUT,,,
14010,2023-11-16,570.0,TIMEOUT,,,
14010,2023-11-17,578.0,TIMEOUT,,,
14010,2023-11-20,581.0,TIMEOUT,,,
14010,2023-11-21,622.0,STOPPED,2023-11-30,-10.13,9
14010,2023-11-22,624.0,STOPPED,2023-11-30,-10.42,8
14010,2024-01-15,627.0,STOPPED,2024-08-05,-11.16,203
14010,2024-01-16,624.0,STOPPED,2024-08-05,-10.74,202
14010,2024-01-25,675.0,STOPPED,2024-08-05,-17.48,193
14010,2024-01-29,727.0,STOPPED,2024-03-12,-8.39,43
14010,2024-01-30,744.0,STOPPED,2024-03-12,-10.48,42
14010,2024-02-06,793.0,STOPPED,2024-02-09,-8.07,3
14010,2024-02-07,829.0,STOPPED,2024-02-09,-12.06,2
14010,2024-02-08,798.0,STOPPED,2024-02-09,-8.65,1
14010,2024-10-01,810.0,STOPPED,2024-10-16,-13.33,15
14010,2025-06-09,900.0,TIMEOUT,,,
14010,2025-06-10,947.0,TIMEOUT,,,
14010,2025-06-11,960.0,TIMEOUT,,,
14010,2025-06-12,950.0,TIMEOUT,,,
14010,2025-06-16,1100.0,TIMEOUT,,,
14010,2025-06-17,1400.0,STOPPED,2025-06-18,-10.43,1
14010,2025-06-18,1327.0,STOPPED,2025-06-20,-13.19,2
14010,2026-01-19,1675.0,STOPPED,2026-01-22,-10.45,3
14010,2026-01-20,1627.0,STOPPED,2026-01-23,-9.34,3
14010,2026-06-18,1541.0,STOPPED,2026-06-19,-15.77,1
145A0,2025-06-27,993.0,STOPPED,2025-07-02,-8.06,5
145A0,2025-06-30,1010.0,STOPPED,2025-07-02,-9.6,2
145A0,2025-07-09,1042.0,STOPPED,2025-11-19,-9.79,133
145A0,2025-07-10,1032.0,STOPPED,2025-11-19,-8.91,132
145A0,2025-07-29,1093.0,STOPPED,2025-11-05,-8.23,99
145A0,2025-07-30,1081.0,STOPPED,2025-11-17,-9.25,110
145A0,2025-08-06,1107.0,STOPPED,2025-10-10,-8.4,65
145A0,2025-08-12,1088.0,STOPPED,2025-11-17,-9.83,97
145A0,2025-08-13,1139.0,STOPPED,2025-10-10,-10.97,58
145A0,2025-08-14,1175.0,STOPPED,2025-10-03,-9.7,50
145A0,2025-08-15,1220.0,STOPPED,2025-10-02,-9.75,48
145A0,2025-08-18,1251.0,STOPPED,2025-09-30,-9.35,43
145A0,2025-08-19,1240.0,STOPPED,2025-09-30,-8.55,42
145A0,2025-08-21,1349.0,STOPPED,2025-09-11,-9.79,21
145A0,2025-08-22,1353.0,STOPPED,2025-09-11,-10.05,20
145A0,2025-08-25,1374.0,STOPPED,2025-09-11,-11.43,17
145A0,2025-08-27,1416.0,STOPPED,2025-09-11,-14.05,15
145A0,2025-09-01,1433.0,STOPPED,2025-09-05,-8.51,4
145A0,2025-09-02,1514.0,STOPPED,2025-09-05,-13.41,3
145A0,2025-09-03,1495.0,STOPPED,2025-09-05,-12.31,2
153A0,2025-09-18,2582.0,STOPPED,2025-09-24,-8.91,6
153A0,2025-09-19,2488.0,STOPPED,2025-09-25,-8.76,6
155A0,2025-07-23,561.0,SUCCESS,2025-11-26,200.71,126
155A0,2025-07-29,669.0,TIMEOUT,,,
155A0,2025-07-30,719.0,TIMEOUT,,,
155A0,2025-07-31,869.0,STOPPED,2025-08-01,-10.24,1
155A0,2025-08-01,780.0,TIMEOUT,,,
155A0,2025-08-06,846.0,STOPPED,2025-08-08,-8.87,2
155A0,2025-08-27,1013.0,STOPPED,2025-09-01,-13.23,5
155A0,2025-11-14,1161.0,STOPPED,2026-02-16,-10.59,94
155A0,2025-11-20,1336.0,STOPPED,2025-12-22,-10.03,32
155A0,2025-11-21,1440.0,STOPPED,2025-12-08,-8.33,17
155A0,2025-11-25,1607.0,STOPPED,2025-11-27,-9.77,2
155A0,2025-11-26,1687.0,STOPPED,2025-11-27,-14.05,1
155A0,2025-11-27,1487.0,STOPPED,2025-12-04,-8.47,7
157A0,2025-11-17,762.0,STOPPED,2026-07-30,-8.14,255
157A0,2025-11-18,912.0,STOPPED,2025-11-20,-13.6,2
157A0,2025-11-19,1062.0,STOPPED,2025-11-20,-25.8,1
157A0,2025-11-20,846.0,STOPPED,2025-11-21,-8.39,1
157A0,2026-01-20,1198.0,STOPPED,2026-01-28,-13.36,8
157A0,2026-01-21,1266.0,STOPPED,2026-01-22,-8.14,1
157A0,2026-01-23,1397.0,STOPPED,2026-01-26,-14.1,3
157A0,2026-03-09,1746.0,STOPPED,2026-03-10,-22.91,1
157A0,2026-03-10,1346.0,STOPPED,2026-03-11,-9.96,1
194A0,2025-09-29,1101.0,TIMEOUT,,,
194A0,2025-10-03,1143.0,TIMEOUT,,,
194A0,2025-10-06,1172.0,STOPPED,2025-10-07,-9.9,1
194A0,2025-10-14,1085.0,TIMEOUT,,,
194A0,2025-10-17,1242.0,TIMEOUT,,,
194A0,2025-10-20,1329.0,STOPPED,2026-06-01,-8.73,224
194A0,2025-10-21,1354.0,STOPPED,2026-06-01,-10.41,223
194A0,2025-10-24,1598.0,STOPPED,2025-10-28,-15.02,4
194A0,2025-10-27,1544.0,STOPPED,2025-10-28,-12.05,1
194A0,2025-11-12,1769.0,STOPPED,2026-03-23,-12.27,131
194A0,2025-11-13,1991.0,STOPPED,2025-11-27,-8.34,14
194A0,2025-11-17,2407.0,STOPPED,2025-11-18,-11.92,1
194A0,2025-11-18,2358.0,STOPPED,2025-11-19,-15.18,1
218A0,2025-08-15,2007.0,STOPPED,2025-10-10,-15.79,56
218A0,2025-08-18,2240.0,STOPPED,2025-08-20,-10.98,2
218A0,2025-08-19,2150.0,STOPPED,2025-08-21,-10.42,2
218A0,2025-09-02,2210.0,STOPPED,2025-10-09,-14.43,37
218A0,2025-09-08,2416.0,STOPPED,2025-10-08,-13.0,30
218A0,2025-09-16,2502.0,STOPPED,2025-09-17,-8.59,1
218A0,2025-09-22,2692.0,STOPPED,2025-10-01,-11.07,9
25860,2024-08-15,86.0,STOPPED,2024-08-16,-20.93,1
25860,2024-08-27,102.0,STOPPED,2024-09-04,-21.57,8
25860,2024-08-28,117.0,STOPPED,2024-08-29,-14.53,1
25860,2024-09-17,131.0,STOPPED,2024-09-18,-12.98,1
25860,2024-10-24,153.0,STOPPED,2024-12-06,-9.15,43
25860,2024-10-25,156.0,STOPPED,2024-12-06,-10.9,42
25860,2024-10-29,174.0,STOPPED,2024-12-05,-13.79,37
25860,2024-10-30,211.0,STOPPED,2024-11-13,-11.37,14
25860,2024-10-31,244.0,STOPPED,2024-11-01,-9.02,1
25860,2024-11-06,284.0,STOPPED,2024-11-08,-25.35,2
25860,2024-11-07,284.0,STOPPED,2024-11-08,-25.35,1
25860,2025-07-07,321.0,STOPPED,2025-07-14,-9.66,7
25860,2025-07-08,340.0,STOPPED,2025-07-14,-14.71,6
25860,2025-07-09,395.0,STOPPED,2025-07-10,-15.44,1
25860,2025-08-13,415.0,STOPPED,2025-08-15,-17.35,2
25860,2025-08-14,423.0,STOPPED,2025-08-15,-18.91,1
280A0,2026-05-12,1749.0,STOPPED,2026-07-16,-19.78,65
280A0,2026-05-22,1920.0,STOPPED,2026-07-14,-11.2,53
280A0,2026-05-25,2320.0,STOPPED,2026-06-08,-11.21,14
280A0,2026-05-26,2799.0,STOPPED,2026-05-27,-14.26,1
280A0,2026-05-27,2498.0,STOPPED,2026-05-28,-8.73,1
29980,2023-05-16,4360.0,STOPPED,2023-05-18,-10.09,2
29980,2023-05-17,4120.0,STOPPED,2023-09-21,-13.23,127
29980,2023-05-22,4550.0,STOPPED,2023-09-12,-10.66,113
29980,2023-05-23,4530.0,STOPPED,2023-09-12,-10.26,112
29980,2023-05-24,4575.0,STOPPED,2023-09-11,-8.42,110
29980,2023-05-26,4605.0,STOPPED,2023-09-11,-9.01,108
29980,2023-05-29,4945.0,STOPPED,2023-09-11,-15.27,105
29980,2023-05-30,5300.0,STOPPED,2023-09-08,-10.28,101
29980,2023-05-31,5230.0,STOPPED,2023-09-08,-9.08,100
29980,2023-06-01,5690.0,STOPPED,2023-09-07,-10.54,98
29980,2023-06-02,5850.0,STOPPED,2023-09-07,-12.99,97
29980,2023-06-05,6610.0,STOPPED,2023-06-08,-9.38,3
29980,2023-06-06,6870.0,STOPPED,2023-06-08,-12.81,2
29980,2023-06-07,7490.0,STOPPED,2023-06-08,-20.03,1
29980,2023-06-23,7390.0,STOPPED,2023-06-26,-10.01,3
29980,2023-06-28,7850.0,STOPPED,2023-07-21,-12.1,23
29980,2023-06-29,7800.0,STOPPED,2023-07-21,-11.54,22
29980,2023-06-30,8720.0,STOPPED,2023-07-06,-13.76,6
29980,2023-08-15,8300.0,STOPPED,2023-08-16,-10.84,1
29980,2025-05-09,5170.0,STOPPED,2025-07-03,-12.77,55
29980,2025-05-12,5300.0,STOPPED,2025-07-02,-9.43,51
29980,2025-05-14,5380.0,STOPPED,2025-07-02,-10.78,49
29980,2025-05-15,5510.0,STOPPED,2025-07-01,-9.26,47
29980,2025-05-16,6150.0,STOPPED,2025-05-26,-10.73,10
29980,2025-05-19,6410.0,STOPPED,2025-05-23,-10.92,4
29980,2025-05-21,6160.0,STOPPED,2025-05-26,-10.88,5
29980,2025-08-20,6540.0,STOPPED,2025-09-24,-8.1,35
29980,2025-08-21,6800.0,STOPPED,2025-09-22,-9.26,32
29980,2025-08-22,7150.0,STOPPED,2025-08-28,-9.93,6
319A0,2026-03-02,13630.0,STOPPED,2026-03-04,-12.33,2
319A0,2026-03-06,13500.0,STOPPED,2026-03-09,-10.59,3
319A0,2026-03-10,13860.0,STOPPED,2026-03-19,-10.97,9
319A0,2026-04-20,13750.0,TIMEOUT,,,
319A0,2026-05-07,14950.0,STOPPED,2026-05-13,-9.36,6
319A0,2026-05-18,16280.0,STOPPED,2026-07-30,-10.38,73
319A0,2026-05-19,17430.0,STOPPED,2026-05-20,-9.93,1
319A0,2026-07-13,19540.0,STOPPED,2026-07-17,-11.98,4
319A0,2026-07-14,20370.0,STOPPED,2026-07-16,-9.62,2
319A0,2026-07-15,20660.0,STOPPED,2026-07-16,-10.89,1
319A0,2026-08-14,20380.0,STOPPED,2026-08-18,-11.63,4
319A0,2026-08-17,19300.0,STOPPED,2026-08-19,-13.83,2
33000,2023-02-15,629.0,TIMEOUT,,,
33000,2023-02-20,678.0,TIMEOUT,,,
33000,2023-02-21,685.0,TIMEOUT,,,
33000,2023-03-03,702.0,TIMEOUT,,,
33000,2023-03-06,718.0,TIMEOUT,,,
33000,2023-03-07,723.0,TIMEOUT,,,
33000,2023-03-09,721.0,TIMEOUT,,,
33000,2023-05-12,744.0,TIMEOUT,,,
33000,2023-05-15,730.0,TIMEOUT,,,
33000,2023-05-16,803.0,STOPPED,2023-10-24,-11.96,161
33000,2023-05-17,821.0,STOPPED,2023-10-04,-8.89,140
33000,2023-05-18,799.0,STOPPED,2023-10-24,-11.51,159
33000,2023-05-22,816.0,STOPPED,2023-10-04,-8.33,135
33000,2023-05-26,860.0,STOPPED,2023-08-15,-8.26,81
33000,2023-05-29,891.0,STOPPED,2023-08-15,-11.45,78
33000,2023-05-30,919.0,STOPPED,2023-07-10,-8.05,41
33000,2023-06-20,915.0,STOPPED,2023-08-15,-13.77,56
33000,2023-07-20,925.0,STOPPED,2023-08-03,-8.0,14
33000,2023-07-28,940.0,STOPPED,2023-08-03,-9.47,6
33000,2024-04-22,975.0,STOPPED,2024-05-29,-9.13,37
33000,2024-04-23,976.0,STOPPED,2024-05-29,-9.22,36
33000,2024-06-21,1031.0,STOPPED,2024-08-05,-21.24,45
33000,2024-06-24,1027.0,STOPPED,2024-08-05,-20.93,42
33000,2024-06-25,1044.0,STOPPED,2024-08-05,-22.22,41
33000,2024-08-13,1062.0,TIMEOUT,,,
33000,2024-08-14,1362.0,TIMEOUT,,,
33000,2024-08-15,1585.0,TIMEOUT,,,
33000,2024-08-26,1695.0,TIMEOUT,,,
33000,2024-08-27,1706.0,TIMEOUT,,,
33000,2024-08-29,1776.0,STOPPED,2024-09-11,-9.07,13
33000,2024-08-30,1820.0,STOPPED,2024-09-09,-9.07,10
33000,2024-09-02,1836.0,STOPPED,2024-09-09,-9.86,7
33000,2024-09-19,1873.0,STOPPED,2025-04-07,-9.24,200
33000,2024-09-27,1997.0,STOPPED,2024-09-30,-8.51,3
33000,2024-10-03,1975.0,STOPPED,2024-10-18,-11.29,15
33000,2024-11-14,2040.0,STOPPED,2025-02-14,-8.33,92
33000,2024-11-15,1998.0,STOPPED,2025-04-07,-14.91,143
33000,2024-11-18,2125.0,STOPPED,2025-02-14,-12.0,88
33000,2024-11-19,2140.0,STOPPED,2025-02-14,-12.62,87
33000,2024-11-20,2133.0,STOPPED,2025-02-14,-12.33,86
33000,2024-11-22,2220.0,STOPPED,2025-01-23,-8.11,62
33000,2024-11-25,2197.0,STOPPED,2025-02-14,-14.88,81
33000,2024-11-26,2379.0,STOPPED,2024-12-23,-10.05,27
33000,2024-11-27,2340.0,STOPPED,2024-12-23,-8.55,26
33000,2024-11-29,2370.0,STOPPED,2024-12-23,-9.7,24
33000,2024-12-27,2365.0,STOPPED,2025-01-16,-10.36,20
33000,2025-08-05,2444.0,STOPPED,2025-11-17,-9.98,104
33000,2025-08-06,2473.0,STOPPED,2025-11-17,-11.04,103
33000,2025-08-08,2466.0,STOPPED,2025-11-17,-10.79,101
33000,2025-08-12,2505.0,STOPPED,2025-11-17,-12.18,97
33000,2025-08-13,2500.0,STOPPED,2025-11-17,-12.0,96
33000,2025-08-14,2917.0,STOPPED,2025-08-27,-8.12,13
35420,2023-06-15,655.0,STOPPED,2023-09-08,-8.24,85
35420,2023-06-19,666.0,STOPPED,2023-08-01,-8.86,43
35420,2023-07-28,669.0,STOPPED,2023-08-01,-9.27,4
35420,2023-08-14,745.0,STOPPED,2023-08-16,-8.86,2
35420,2024-02-16,802.0,STOPPED,2024-05-01,-8.48,75
35420,2024-02-19,915.0,STOPPED,2024-02-21,-13.44,2
35420,2024-02-27,957.0,STOPPED,2024-03-26,-10.24,28
35420,2024-02-28,960.0,STOPPED,2024-03-26,-10.52,27
35420,2024-03-04,960.0,STOPPED,2024-03-26,-10.52,22
35420,2024-03-07,1068.0,STOPPED,2024-03-11,-8.24,4
35420,2024-03-08,1080.0,STOPPED,2024-03-11,-9.26,3
35420,2025-04-14,1071.0,STOPPED,2025-05-16,-10.74,32
35420,2025-04-28,1119.0,STOPPED,2025-05-15,-8.4,17
35420,2025-04-30,1173.0,STOPPED,2025-05-12,-10.66,12
35420,2025-06-04,1336.0,TIMEOUT,,,
35420,2025-06-09,1345.0,TIMEOUT,,,
35420,2025-06-10,1388.0,TIMEOUT,,,
35420,2025-06-11,1404.0,STOPPED,2025-12-04,-8.55,176
35420,2025-06-12,1411.0,STOPPED,2025-12-04,-9.0,175
35420,2025-06-16,1435.0,STOPPED,2025-12-04,-10.52,171
35420,2025-06-18,1468.0,STOPPED,2025-12-04,-12.53,169
35420,2025-06-19,1539.0,STOPPED,2025-12-03,-10.98,167
35420,2025-06-20,1558.0,STOPPED,2025-12-03,-12.07,166
35420,2025-06-23,1557.0,STOPPED,2025-12-03,-12.01,163
35420,2025-06-24,1581.0,STOPPED,2025-12-03,-13.35,162
35420,2025-06-25,1615.0,STOPPED,2025-12-02,-8.17,160
35420,2025-06-26,1615.0,STOPPED,2025-12-02,-8.17,159
35420,2025-06-27,1759.0,STOPPED,2025-07-01,-11.2,4
35420,2025-06-30,1762.0,STOPPED,2025-07-01,-11.35,1
35420,2025-07-09,1878.0,STOPPED,2025-09-19,-8.68,72
35420,2025-07-10,1919.0,STOPPED,2025-07-11,-8.44,1
35420,2025-07-14,1896.0,STOPPED,2025-09-19,-9.55,67
35420,2025-07-15,1947.0,STOPPED,2025-09-19,-11.92,66
35420,2025-07-16,2065.0,STOPPED,2025-09-12,-8.57,58
35420,2025-07-17,2190.0,STOPPED,2025-07-23,-9.82,6
35420,2025-07-25,2263.0,STOPPED,2025-08-01,-11.44,7
35420,2025-07-28,2270.0,STOPPED,2025-08-01,-11.72,4
35420,2025-08-18,2300.0,STOPPED,2025-09-04,-9.78,17
35420,2025-08-19,2340.0,STOPPED,2025-09-03,-8.97,15
35420,2025-08-20,2279.0,STOPPED,2025-09-04,-8.95,15
35420,2025-08-22,2329.0,STOPPED,2025-09-03,-8.54,12
35420,2025-08-25,2330.0,STOPPED,2025-09-03,-8.58,9
35420,2025-08-27,2383.0,STOPPED,2025-09-02,-9.23,6
35560,2023-07-07,649.0,STOPPED,2023-07-12,-8.47,5
35560,2023-07-27,661.0,STOPPED,2023-08-14,-10.89,18
35560,2023-07-28,679.0,STOPPED,2023-08-14,-13.25,17
35560,2023-07-31,711.0,STOPPED,2023-08-14,-17.16,14
35560,2023-09-04,730.0,STOPPED,2023-09-19,-8.49,15
35560,2023-09-05,744.0,STOPPED,2023-09-19,-10.22,14
35560,2023-09-07,739.0,STOPPED,2023-09-19,-9.61,12
35560,2023-09-08,775.0,STOPPED,2023-09-14,-9.29,6
35560,2025-05-15,338.0,SUCCESS,2025-09-16,216.86,124
35560,2025-05-19,353.0,SUCCESS,2025-09-16,203.4,120
35560,2025-05-20,379.0,SUCCESS,2025-09-22,247.76,125
35560,2025-05-21,420.0,SUCCESS,2025-09-22,213.81,124
35560,2025-05-23,389.0,SUCCESS,2025-09-22,238.82,122
35560,2025-05-29,423.0,SUCCESS,2025-09-22,211.58,116
35560,2025-06-02,414.0,SUCCESS,2025-09-22,218.36,112
35560,2025-06-03,474.0,TIMEOUT,,,
35560,2025-06-04,498.0,TIMEOUT,,,
35560,2025-06-05,499.0,TIMEOUT,,,
35560,2025-06-06,529.0,TIMEOUT,,,
35560,2025-06-09,574.0,TIMEOUT,,,
35560,2025-06-16,599.0,TIMEOUT,,,
35560,2025-06-17,626.0,TIMEOUT,,,
35560,2025-06-18,635.0,TIMEOUT,,,
35560,2025-06-19,640.0,TIMEOUT,,,
35560,2025-08-12,663.0,TIMEOUT,,,
35560,2025-08-13,675.0,TIMEOUT,,,
35560,2025-08-15,758.0,TIMEOUT,,,
35560,2025-08-18,772.0,TIMEOUT,,,
35560,2025-08-20,835.0,STOPPED,2026-05-19,-10.42,272
35560,2025-08-21,865.0,STOPPED,2026-05-15,-9.83,267
35560,2025-08-22,903.0,STOPPED,2026-05-15,-13.62,266
35560,2025-08-25,924.0,STOPPED,2025-09-04,-8.33,10
35560,2025-08-28,919.0,STOPPED,2026-05-15,-15.13,260
35560,2025-08-29,925.0,STOPPED,2025-09-04,-8.43,6
35560,2025-09-11,938.0,STOPPED,2025-10-02,-8.1,21
35560,2025-09-12,955.0,STOPPED,2025-10-01,-9.01,19
35560,2025-09-16,1057.0,STOPPED,2025-09-30,-15.7,14
35560,2025-09-17,1086.0,STOPPED,2025-09-30,-17.96,13
35560,2025-09-19,1088.0,STOPPED,2025-09-30,-18.11,11
35560,2025-09-22,1294.0,STOPPED,2025-09-25,-16.15,3
36920,2023-06-14,1392.0,STOPPED,2023-08-03,-9.84,50
36920,2023-06-15,1495.0,STOPPED,2023-07-06,-10.17,21
36920,2023-06-16,1600.0,STOPPED,2023-06-27,-9.5,11
36920,2023-06-19,1680.0,STOPPED,2023-06-20,-8.39,1
36920,2024-02-14,1739.0,TIMEOUT,,,
36920,2024-02-15,1730.0,TIMEOUT,,,
36920,2024-02-16,1855.0,STOPPED,2024-05-27,-8.14,101
36920,2024-02-19,1885.0,STOPPED,2024-05-24,-8.75,95
36920,2024-02-27,1981.0,STOPPED,2024-05-15,-9.09,78
36920,2024-02-28,2100.0,STOPPED,2024-03-14,-9.29,15
36920,2024-03-04,2150.0,STOPPED,2024-03-11,-8.56,7
36920,2024-03-06,2211.0,STOPPED,2024-03-11,-11.08,5
36920,2024-03-07,2135.0,STOPPED,2024-03-14,-10.77,7
36920,2024-04-11,2426.0,STOPPED,2024-04-16,-8.45,5
36920,2024-07-19,2593.0,STOPPED,2024-07-22,-15.39,3
36920,2024-07-22,2354.0,STOPPED,2024-07-31,-13.85,9
36920,2024-09-27,2899.0,STOPPED,2024-09-30,-17.25,3
36920,2025-03-04,3050.0,STOPPED,2025-03-10,-9.9,6
36920,2025-03-05,3080.0,STOPPED,2025-03-10,-10.78,5
36920,2025-03-18,3400.0,STOPPED,2025-04-02,-14.03,15
36920,2025-03-19,3620.0,STOPPED,2025-04-01,-12.43,13
36920,2025-03-24,3750.0,STOPPED,2025-03-31,-9.33,7
36920,2025-05-15,4305.0,SUCCESS,2025-10-20,208.71,158
36920,2025-05-16,5010.0,STOPPED,2025-05-23,-13.77,7
36920,2025-05-19,4880.0,STOPPED,2025-05-23,-11.48,4
36920,2025-05-20,5010.0,STOPPED,2025-05-23,-13.77,3
36920,2025-06-05,5380.0,STOPPED,2026-06-04,-8.74,364
36920,2025-06-09,5480.0,STOPPED,2026-06-03,-8.03,359
36920,2025-06-17,5950.0,STOPPED,2025-06-23,-8.24,6
36920,2025-06-18,5750.0,STOPPED,2025-07-07,-8.35,19
36920,2025-06-24,6310.0,STOPPED,2025-07-02,-10.94,8
36920,2025-06-25,6350.0,STOPPED,2025-07-02,-11.5,7
36920,2025-06-26,6150.0,STOPPED,2025-07-02,-8.62,6
36920,2025-07-28,6250.0,STOPPED,2026-04-13,-11.52,259
36920,2025-08-14,6900.0,STOPPED,2026-03-30,-12.75,228
36920,2025-08-15,7180.0,STOPPED,2025-08-21,-8.64,6
36920,2025-09-19,7980.0,STOPPED,2025-10-03,-8.52,14
36920,2025-09-22,8570.0,STOPPED,2025-09-25,-10.39,3
36920,2025-10-06,9170.0,STOPPED,2025-11-19,-10.03,44
36920,2025-10-07,9210.0,STOPPED,2025-11-19,-10.42,43
36920,2025-10-09,10590.0,STOPPED,2025-10-14,-12.84,5
36920,2025-10-10,10040.0,STOPPED,2025-10-14,-8.07,4
36920,2025-10-16,11700.0,STOPPED,2025-10-17,-10.94,1
36920,2025-10-20,13070.0,STOPPED,2025-10-21,-15.68,1
36920,2025-10-21,11830.0,STOPPED,2025-10-22,-10.14,1
39050,2023-06-02,314.0,STOPPED,2023-06-07,-8.28,5
39050,2023-06-20,407.0,STOPPED,2023-06-26,-11.3,6
39050,2023-06-21,402.0,STOPPED,2023-06-26,-10.2,5
39050,2024-01-12,485.0,SUCCESS,2024-04-11,258.76,90
39050,2024-01-15,565.0,STOPPED,2024-01-25,-9.2,10
39050,2024-01-16,665.0,STOPPED,2024-01-17,-15.04,1
39050,2024-01-17,625.0,STOPPED,2024-01-18,-11.2,1
39050,2024-01-19,629.0,STOPPED,2024-01-22,-10.02,3
39050,2024-02-19,771.0,STOPPED,2024-02-21,-13.88,2
39050,2024-02-20,769.0,STOPPED,2024-02-21,-13.65,1
39050,2024-02-27,846.0,STOPPED,2024-02-29,-10.05,2
39050,2024-02-28,838.0,STOPPED,2024-02-29,-9.19,1
39050,2024-03-04,985.0,STOPPED,2024-03-06,-15.23,2
39050,2024-03-05,1135.0,STOPPED,2024-03-06,-26.43,1
39050,2024-03-06,888.0,STOPPED,2024-03-08,-13.29,2
39050,2024-04-10,1440.0,STOPPED,2024-08-05,-20.35,117
39050,2024-04-11,1740.0,STOPPED,2024-04-23,-13.39,12
39050,2024-04-12,2140.0,STOPPED,2024-04-18,-9.35,6
39050,2024-04-15,2640.0,STOPPED,2024-04-18,-26.52,3
39050,2024-04-16,3140.0,STOPPED,2024-04-17,-22.29,1
39050,2025-06-09,2211.0,STOPPED,2025-06-17,-11.35,8
39050,2025-06-10,2542.0,STOPPED,2025-06-11,-10.15,1
39050,2025-07-08,2886.0,STOPPED,2025-08-13,-13.72,36
39050,2025-07-09,3390.0,STOPPED,2025-07-15,-10.03,6
39050,2025-07-10,4090.0,STOPPED,2025-07-11,-17.11,1
39050,2025-07-11,3390.0,STOPPED,2025-07-15,-10.03,4
39050,2026-05-22,4800.0,STOPPED,2026-05-25,-14.58,3
39050,2026-05-25,4490.0,STOPPED,2026-06-10,-8.02,16
39050,2026-05-28,5140.0,STOPPED,2026-06-02,-16.15,5
39050,2026-05-29,6140.0,STOPPED,2026-06-01,-16.29,3
40130,2025-05-21,821.0,STOPPED,2026-02-13,-11.81,268
40130,2025-05-27,870.0,STOPPED,2026-02-13,-16.78,262
40130,2025-05-28,859.0,STOPPED,2026-02-13,-15.72,261
40130,2025-06-03,890.0,STOPPED,2026-02-12,-9.89,254
40130,2025-06-05,919.0,STOPPED,2025-07-22,-9.58,47
40130,2025-06-09,902.0,STOPPED,2026-02-12,-11.09,248
40130,2025-06-30,990.0,STOPPED,2025-07-03,-8.59,3
40130,2025-08-07,1039.0,STOPPED,2026-02-05,-9.91,182
40130,2025-08-13,1018.0,STOPPED,2026-02-05,-8.06,176
40130,2025-08-15,1096.0,STOPPED,2026-02-04,-10.31,173
40130,2025-08-21,1148.0,STOPPED,2026-01-30,-8.1,162
40130,2025-08-22,1155.0,STOPPED,2026-01-30,-8.66,161
40130,2025-08-25,1216.0,STOPPED,2025-09-04,-8.63,10
40130,2025-08-28,1239.0,STOPPED,2025-09-04,-10.33,7
40130,2025-08-29,1285.0,STOPPED,2025-09-03,-9.26,5
40130,2025-09-08,1268.0,STOPPED,2025-11-05,-11.91,58
40130,2025-09-16,1337.0,STOPPED,2025-10-06,-9.27,20
40130,2025-09-18,1423.0,STOPPED,2025-09-29,-8.71,11
40130,2025-09-19,1470.0,STOPPED,2025-09-29,-11.63,10
40130,2025-09-22,1451.0,STOPPED,2025-09-29,-10.48,7
40130,2025-09-24,1530.0,STOPPED,2025-09-26,-9.74,2
40750,2023-06-13,1616.0,STOPPED,2023-06-14,-9.28,1
40750,2025-06-16,928.0,STOPPED,2025-06-17,-8.41,1
40750,2025-08-22,912.0,STOPPED,2025-09-12,-11.4,21
40750,2025-08-25,919.0,STOPPED,2025-09-12,-12.08,18
40750,2025-09-08,954.0,STOPPED,2025-09-12,-15.3,4
40750,2025-09-09,960.0,STOPPED,2025-09-12,-15.83,3
40750,2025-11-26,971.0,STOPPED,2025-12-05,-9.06,9
40750,2025-11-27,967.0,STOPPED,2025-12-05,-8.69,8
40750,2025-12-11,980.0,STOPPED,2025-12-15,-10.71,4
40750,2026-03-09,1126.0,STOPPED,2026-06-02,-9.59,85
40750,2026-03-10,1316.0,STOPPED,2026-04-09,-8.28,30
40750,2026-03-11,1429.0,STOPPED,2026-03-24,-9.45,13
40750,2026-03-12,1615.0,STOPPED,2026-03-16,-11.58,4
40750,2026-03-17,1818.0,STOPPED,2026-03-19,-10.84,2
40750,2026-03-18,1861.0,STOPPED,2026-03-19,-12.9,1
41700,2026-08-26,231.0,STOPPED,2026-08-27,-34.63,1
42550,2024-11-18,765.0,STOPPED,2024-11-19,-8.5,1
42550,2024-11-19,716.0,STOPPED,2024-11-26,-8.24,7
42550,2024-12-05,699.0,STOPPED,2024-12-06,-8.3,1
42550,2025-01-30,817.0,STOPPED,2025-01-31,-12.36,1
42550,2025-04-18,830.0,STOPPED,2025-04-22,-9.16,4
42550,2025-08-13,940.0,SUCCESS,2026-08-13,240.43,365
42550,2025-08-14,929.0,SUCCESS,2026-08-13,244.46,364
42550,2025-08-19,1130.0,STOPPED,2025-10-02,-11.59,44
42550,2025-08-20,1196.0,STOPPED,2025-10-01,-10.54,42
42550,2025-11-14,1461.0,TIMEOUT,,,
42550,2025-11-17,1750.0,STOPPED,2025-11-18,-15.09,1
42550,2025-11-25,1870.0,STOPPED,2025-12-01,-10.37,6
42550,2025-12-03,1934.0,STOPPED,2026-03-23,-8.48,110
42550,2025-12-04,2018.0,STOPPED,2025-12-10,-8.23,6
42550,2025-12-05,2075.0,STOPPED,2025-12-08,-9.98,3
42550,2025-12-22,2208.0,STOPPED,2025-12-24,-8.97,2
42550,2025-12-25,2325.0,STOPPED,2026-01-09,-11.1,15
42550,2025-12-29,2470.0,STOPPED,2026-01-05,-8.02,7
42550,2026-05-18,2457.0,STOPPED,2026-06-04,-8.42,17
42550,2026-05-25,2750.0,STOPPED,2026-05-26,-10.91,1
42550,2026-08-13,3200.0,TIMEOUT,,,
42550,2026-08-14,3720.0,STOPPED,2026-08-18,-8.33,4
42550,2026-08-17,3795.0,STOPPED,2026-08-18,-10.14,1
42590,2023-06-06,641.0,STOPPED,2023-06-08,-12.32,2
42590,2023-06-07,621.0,STOPPED,2023-06-08,-9.5,1
42590,2023-06-19,651.0,STOPPED,2023-06-26,-15.05,7
42590,2023-06-21,670.0,STOPPED,2023-06-23,-10.45,2
42590,2023-06-22,658.0,STOPPED,2023-06-23,-8.81,1
42590,2025-08-14,525.0,STOPPED,2025-08-27,-8.0,13
42590,2025-09-19,565.0,TIMEOUT,,,
42590,2025-10-06,578.0,TIMEOUT,,,
42590,2025-10-07,600.0,STOPPED,2026-03-30,-8.0,174
42590,2025-10-08,625.0,STOPPED,2025-10-14,-9.44,6
42590,2025-10-28,632.0,STOPPED,2026-03-30,-12.66,153
42590,2025-10-31,670.0,STOPPED,2025-12-05,-11.04,35
42590,2025-11-12,743.0,STOPPED,2025-11-14,-8.75,2
42590,2025-11-13,729.0,STOPPED,2025-11-19,-9.6,6
42590,2026-02-02,738.0,STOPPED,2026-02-19,-8.54,17
42590,2026-02-03,785.0,STOPPED,2026-02-16,-13.38,13
42590,2026-02-05,840.0,STOPPED,2026-02-13,-12.38,8
42590,2026-02-09,898.0,STOPPED,2026-02-13,-18.04,4
42590,2026-02-10,903.0,STOPPED,2026-02-13,-18.49,3
42590,2026-05-14,967.0,STOPPED,2026-06-19,-11.27,36
42590,2026-05-18,979.0,STOPPED,2026-06-17,-8.58,30
42590,2026-05-19,1058.0,STOPPED,2026-06-10,-9.83,22
42590,2026-05-20,1094.0,STOPPED,2026-06-09,-8.04,20
42590,2026-05-21,1188.0,STOPPED,2026-06-04,-12.12,14
42590,2026-05-22,1267.0,STOPPED,2026-05-28,-10.18,6
42590,2026-05-25,1362.0,STOPPED,2026-05-27,-13.22,2
42590,2026-05-26,1384.0,STOPPED,2026-05-27,-14.6,1
43930,2024-07-17,6050.0,STOPPED,2024-07-19,-15.21,2
43930,2024-07-18,6130.0,STOPPED,2024-07-19,-16.31,1
43930,2024-09-03,6370.0,STOPPED,2024-09-04,-11.77,1
43930,2024-12-12,6570.0,STOPPED,2024-12-19,-9.89,7
43930,2024-12-13,6670.0,STOPPED,2024-12-18,-8.85,5
43930,2024-12-30,6800.0,STOPPED,2025-02-04,-8.53,36
43930,2025-01-07,6550.0,STOPPED,2025-12-11,-10.53,338
43930,2025-01-10,7250.0,STOPPED,2025-01-20,-8.83,10
43930,2025-01-20,7080.0,STOPPED,2025-01-27,-8.19,7
43930,2025-01-22,7080.0,STOPPED,2025-01-27,-8.19,5
43930,2025-02-12,7520.0,STOPPED,2025-04-07,-15.56,54
43930,2025-02-13,7590.0,STOPPED,2025-04-07,-16.34,53
43930,2025-02-14,7470.0,STOPPED,2025-04-07,-14.99,52
43930,2025-02-17,7870.0,STOPPED,2025-04-04,-9.4,46
43930,2025-02-18,8290.0,STOPPED,2025-03-12,-9.77,22
43930,2025-02-26,8020.0,STOPPED,2025-03-13,-8.73,15
43930,2025-02-27,8540.0,STOPPED,2025-03-03,-9.72,4
43930,2025-03-21,8410.0,STOPPED,2025-04-04,-15.22,14
43930,2025-03-25,9720.0,STOPPED,2025-03-27,-8.13,2
43930,2025-04-25,10280.0,STOPPED,2025-05-13,-8.66,18
43930,2025-04-28,10540.0,STOPPED,2025-05-13,-10.91,15
43930,2025-04-30,10460.0,STOPPED,2025-05-13,-10.23,13
43930,2025-05-02,10560.0,STOPPED,2025-05-12,-8.14,10
43930,2025-05-07,10510.0,STOPPED,2025-05-13,-10.66,6
43930,2025-06-13,10460.0,STOPPED,2025-09-03,-11.57,82
43930,2025-06-17,10880.0,STOPPED,2025-06-19,-9.47,2
43930,2025-06-24,11480.0,STOPPED,2025-07-03,-12.11,9
43930,2025-06-25,11620.0,STOPPED,2025-07-02,-8.18,7
43930,2025-07-01,11620.0,STOPPED,2025-07-02,-8.18,1
43930,2025-08-04,12100.0,STOPPED,2025-08-28,-11.16,24
43930,2025-08-05,12550.0,STOPPED,2025-08-27,-11.0,22
43930,2025-08-07,13420.0,STOPPED,2025-08-12,-12.52,5
43930,2025-08-13,13840.0,STOPPED,2025-08-15,-9.54,2
43950,2025-05-01,952.0,STOPPED,2025-05-08,-11.55,7
43950,2025-05-02,931.0,STOPPED,2025-05-08,-9.56,6
43950,2025-06-17,1001.0,STOPPED,2025-06-23,-10.59,6
43950,2025-08-22,1078.0,STOPPED,2025-09-26,-8.07,35
43950,2025-08-25,1378.0,STOPPED,2025-08-27,-11.61,2
43950,2025-08-26,1299.0,STOPPED,2025-08-28,-13.01,2
44120,2025-03-04,717.0,STOPPED,2025-03-11,-12.97,7
44120,2025-03-21,736.0,STOPPED,2025-04-04,-8.29,14
44120,2025-03-24,721.0,STOPPED,2025-04-07,-14.15,14
44120,2025-03-28,792.0,STOPPED,2025-04-04,-14.77,7
44120,2025-04-01,815.0,STOPPED,2025-04-04,-17.18,3
44120,2025-04-02,818.0,STOPPED,2025-04-04,-17.48,2
44120,2025-04-03,825.0,STOPPED,2025-04-04,-18.18,1
44120,2025-04-15,834.0,SUCCESS,2026-01-15,217.39,275
44120,2025-04-21,891.0,STOPPED,2025-05-02,-9.43,11
44120,2025-05-14,984.0,TIMEOUT,,,
44120,2025-05-15,1039.0,TIMEOUT,,,
44120,2025-05-19,1047.0,TIMEOUT,,,
44120,2025-05-20,1080.0,TIMEOUT,,,
44120,2025-05-28,1097.0,TIMEOUT,,,
44120,2025-05-30,1164.0,STOPPED,2025-06-20,-8.85,21
44120,2025-06-02,1184.0,STOPPED,2025-06-20,-10.39,18
44120,2025-07-10,1207.0,STOPPED,2025-07-17,-8.2,7
44120,2025-07-16,1202.0,STOPPED,2026-06-11,-11.65,330
44120,2025-07-18,1247.0,STOPPED,2026-06-04,-10.34,321
44120,2025-07-22,1246.0,STOPPED,2026-06-04,-10.27,317
44120,2025-08-26,1353.0,STOPPED,2026-06-01,-9.09,279
44120,2025-08-27,1450.0,STOPPED,2025-10-01,-9.93,35
44120,2025-08-28,1441.0,STOPPED,2025-10-01,-9.37,34
44120,2025-08-29,1475.0,STOPPED,2025-10-01,-11.46,33
44120,2025-09-01,1510.0,STOPPED,2025-10-01,-13.51,30
44120,2025-09-02,1507.0,STOPPED,2025-10-01,-13.34,29
44120,2025-09-08,1573.0,STOPPED,2025-09-12,-10.11,4
44120,2025-10-09,1609.0,STOPPED,2025-10-16,-11.12,7
44120,2025-10-27,1656.0,STOPPED,2025-11-07,-9.12,11
44120,2025-10-28,1798.0,STOPPED,2025-10-29,-9.57,1
44120,2025-12-30,1869.0,STOPPED,2026-04-17,-9.68,108
44120,2026-01-05,1905.0,STOPPED,2026-04-17,-11.39,102
44120,2026-01-08,2143.0,STOPPED,2026-03-04,-8.96,55
44120,2026-01-09,2390.0,STOPPED,2026-01-21,-8.91,12
44120,2026-01-13,2287.0,STOPPED,2026-01-22,-10.36,9
44120,2026-01-15,2630.0,STOPPED,2026-01-16,-8.82,1
44120,2026-01-16,2432.0,STOPPED,2026-01-20,-8.59,4
44180,2023-05-24,1058.0,STOPPED,2023-07-06,-10.11,43
44180,2023-05-25,1116.0,STOPPED,2023-06-26,-9.23,32
44180,2023-05-26,1105.0,STOPPED,2023-06-26,-8.33,31
44180,2023-05-29,1122.0,STOPPED,2023-06-26,-9.71,28
44180,2023-05-31,1208.0,STOPPED,2023-06-15,-10.93,15
44180,2023-06-01,1176.0,STOPPED,2023-06-15,-8.5,14
44180,2023-06-06,1254.0,STOPPED,2023-06-08,-9.09,2
44180,2023-09-25,1375.0,STOPPED,2023-10-03,-8.22,8
44180,2023-09-26,1417.0,STOPPED,2023-10-03,-10.94,7
44180,2023-09-27,1429.0,STOPPED,2023-10-03,-11.69,6
44180,2024-12-12,1117.0,STOPPED,2024-12-20,-15.13,8
44180,2024-12-13,1136.0,STOPPED,2024-12-20,-16.55,7
44180,2025-06-11,1162.0,STOPPED,2025-07-07,-8.09,26
44180,2025-06-12,1157.0,STOPPED,2025-08-12,-10.98,61
44180,2025-06-16,1190.0,STOPPED,2025-07-03,-8.57,17
44180,2025-06-17,1196.0,STOPPED,2025-07-03,-9.03,16
44180,2025-06-18,1154.0,STOPPED,2025-08-12,-10.75,55
44180,2025-06-19,1182.0,STOPPED,2025-07-04,-9.14,15
44180,2025-06-24,1232.0,STOPPED,2025-07-02,-10.63,8
44180,2025-06-25,1225.0,STOPPED,2025-07-02,-10.12,7
44180,2025-08-05,1251.0,STOPPED,2025-08-12,-17.67,7
44180,2025-08-07,1280.0,STOPPED,2025-08-12,-19.53,5
44180,2025-10-21,1381.0,STOPPED,2025-11-25,-8.98,35
44180,2025-10-22,1665.0,STOPPED,2025-10-27,-8.11,5
44180,2025-10-23,1771.0,STOPPED,2025-10-24,-10.78,1
44790,2025-04-23,774.0,STOPPED,2025-04-24,-8.91,1
44790,2025-04-24,735.0,STOPPED,2025-05-08,-8.3,14
44790,2025-06-05,854.0,STOPPED,2025-10-29,-14.75,146
44790,2025-06-06,878.0,STOPPED,2025-10-29,-17.08,145
44790,2025-06-09,862.0,STOPPED,2025-10-29,-15.55,142
44790,2025-06-11,913.0,STOPPED,2025-10-29,-20.26,140
44790,2025-06-12,914.0,STOPPED,2025-10-29,-20.35,139
44790,2025-06-19,928.0,STOPPED,2025-07-03,-8.62,14
44790,2025-07-25,968.0,STOPPED,2025-10-14,-10.74,81
44790,2025-07-28,950.0,STOPPED,2025-10-14,-9.05,78
44790,2025-07-30,1030.0,STOPPED,2025-10-03,-8.35,65
44790,2025-08-04,1089.0,STOPPED,2025-10-01,-9.73,58
44790,2025-08-05,1137.0,STOPPED,2025-09-24,-8.62,50
44790,2025-08-06,1145.0,STOPPED,2025-09-24,-9.26,49
44790,2025-08-07,1178.0,STOPPED,2025-09-11,-8.32,35
44790,2025-08-27,1232.0,STOPPED,2025-09-10,-9.98,14
45700,2023-07-06,552.0,STOPPED,2023-07-07,-13.59,1
45700,2023-07-07,652.0,STOPPED,2023-07-10,-9.97,3
45700,2023-07-10,591.0,STOPPED,2023-10-03,-10.66,85
45700,2023-07-12,731.0,STOPPED,2023-07-13,-10.81,1
45700,2023-07-27,710.0,STOPPED,2023-08-04,-11.13,8
45700,2023-08-09,779.0,STOPPED,2023-08-23,-14.51,14
45700,2023-08-10,804.0,STOPPED,2023-08-23,-17.16,13
45700,2023-08-14,898.0,STOPPED,2023-08-17,-10.91,3
45700,2023-08-15,912.0,STOPPED,2023-08-17,-12.28,2
45700,2025-11-06,551.0,SUCCESS,2025-11-25,211.98,19
45700,2025-11-13,601.0,SUCCESS,2025-11-26,252.58,13
45700,2025-11-14,701.0,SUCCESS,2025-11-26,202.28,12
45700,2025-11-17,851.0,SUCCESS,2025-11-27,207.76,10
45700,2025-11-18,1001.0,SUCCESS,2025-11-28,211.69,10
45700,2025-11-19,1301.0,STOPPED,2025-11-21,-12.61,2
45700,2025-11-20,1436.0,STOPPED,2025-11-21,-20.82,1
45700,2025-11-21,1419.0,STOPPED,2026-05-13,-8.17,173
45700,2025-11-25,1719.0,STOPPED,2025-12-04,-10.41,9
45700,2025-11-26,2119.0,STOPPED,2025-12-04,-27.32,8
45700,2025-11-27,2619.0,STOPPED,2025-12-04,-41.2,7
45700,2025-11-28,3120.0,STOPPED,2025-12-03,-22.44,5
45700,2025-12-01,3820.0,STOPPED,2025-12-02,-18.32,1
45790,2025-06-04,723.0,STOPPED,2025-06-06,-15.63,2
45790,2025-11-25,689.0,STOPPED,2026-05-18,-13.21,174
45790,2025-11-26,750.0,STOPPED,2026-05-18,-20.27,173
45790,2025-11-27,754.0,STOPPED,2026-05-15,-8.36,169
45790,2025-11-28,904.0,STOPPED,2026-03-04,-8.85,96
45790,2025-12-01,1054.0,STOPPED,2025-12-23,-11.76,22
45790,2025-12-02,1105.0,STOPPED,2025-12-23,-15.84,21
45790,2025-12-03,1405.0,STOPPED,2025-12-04,-14.38,1
45790,2025-12-04,1260.0,STOPPED,2025-12-05,-13.1,1
50290,2024-12-27,743.0,STOPPED,2025-01-06,-9.69,10
50290,2025-01-22,888.0,TIMEOUT,,,
50290,2025-01-23,900.0,TIMEOUT,,,
50290,2025-01-24,920.0,STOPPED,2025-01-29,-9.13,5
50290,2025-01-30,906.0,TIMEOUT,,,
50290,2025-02-05,1090.0,STOPPED,2025-02-06,-9.08,1
50290,2025-02-12,1125.0,STOPPED,2025-02-14,-10.76,2
50290,2025-04-23,1190.0,STOPPED,2025-05-13,-12.1,20
50290,2025-04-24,1257.0,STOPPED,2025-04-30,-10.74,6
50290,2025-05-14,1446.0,STOPPED,2025-07-15,-9.34,62
50290,2025-05-15,1397.0,STOPPED,2025-07-16,-8.73,62
50290,2025-05-16,1565.0,STOPPED,2025-06-18,-8.37,33
50290,2025-05-19,1678.0,STOPPED,2025-06-05,-8.76,17
50290,2025-05-22,1623.0,STOPPED,2025-06-11,-10.23,20
50290,2025-05-23,1700.0,STOPPED,2025-06-05,-9.94,13
50290,2025-05-26,1700.0,STOPPED,2025-06-05,-9.94,10
50290,2025-05-27,1687.0,STOPPED,2025-06-05,-9.25,9
50310,2025-09-11,281.0,STOPPED,2025-09-16,-9.61,5
50310,2025-12-10,300.0,STOPPED,2026-03-30,-8.0,110
50310,2025-12-11,351.0,STOPPED,2026-01-29,-17.09,49
50310,2026-05-21,437.0,STOPPED,2026-06-11,-12.59,21
50310,2026-05-22,680.0,STOPPED,2026-05-29,-21.47,7
50310,2026-05-25,780.0,STOPPED,2026-05-28,-19.23,3
50310,2026-05-26,930.0,STOPPED,2026-05-27,-16.13,1
52430,2024-06-26,692.0,STOPPED,2024-07-16,-8.24,20
52430,2024-06-27,701.0,STOPPED,2024-07-12,-8.99,15
52430,2024-06-28,707.0,STOPPED,2024-07-12,-9.76,14
52430,2024-07-01,718.0,STOPPED,2024-07-11,-8.64,10
52430,2024-07-02,713.0,STOPPED,2024-07-12,-10.52,10
52430,2025-01-17,835.0,STOPPED,2025-01-20,-10.9,3
52430,2025-01-27,1088.0,TIMEOUT,,,
52430,2025-01-29,1290.0,STOPPED,2025-01-30,-18.53,1
52430,2025-01-30,1151.0,TIMEOUT,,,
52430,2025-02-03,1479.0,STOPPED,2025-02-20,-8.99,17
52430,2025-02-04,1575.0,STOPPED,2025-02-19,-9.78,15
52430,2025-02-05,1831.0,STOPPED,2025-02-06,-11.58,1
52430,2025-02-07,2012.0,STOPPED,2025-02-17,-25.0,10
52430,2025-02-10,2409.0,STOPPED,2025-02-14,-20.76,4
52430,2025-02-12,2909.0,STOPPED,2025-02-13,-17.19,1
52430,2026-01-20,2773.0,STOPPED,2026-01-27,-9.2,7
52430,2026-01-21,3110.0,STOPPED,2026-01-22,-9.29,1
52430,2026-01-23,2971.0,STOPPED,2026-01-26,-10.13,3
52430,2026-04-15,2521.0,STOPPED,2026-04-27,-10.15,12
55320,2024-07-18,2180.0,STOPPED,2024-07-25,-12.39,7
55320,2024-12-19,2444.0,STOPPED,2025-03-28,-48.85,99
55320,2024-12-23,2479.0,STOPPED,2025-03-28,-49.58,95
55320,2024-12-24,2470.0,STOPPED,2025-03-28,-49.39,94
55320,2024-12-26,2444.0,STOPPED,2025-03-28,-48.85,92
55320,2024-12-30,2518.0,STOPPED,2025-03-28,-50.36,88
55320,2025-01-06,2507.0,STOPPED,2025-03-28,-50.14,81
55320,2025-01-08,2564.0,STOPPED,2025-03-05,-9.05,56
55320,2025-01-09,2639.0,STOPPED,2025-01-15,-8.03,6
55320,2025-01-10,2612.0,STOPPED,2025-03-03,-8.65,52
55320,2025-01-14,2654.0,STOPPED,2025-01-15,-8.55,1
55320,2025-01-16,2738.0,STOPPED,2025-02-28,-8.69,43
55320,2025-01-22,2770.0,STOPPED,2025-02-12,-8.99,21
55320,2025-01-23,2738.0,STOPPED,2025-02-28,-8.69,36
55320,2025-08-15,3030.0,STOPPED,2025-08-21,-9.11,6
55320,2025-08-18,3175.0,STOPPED,2025-08-21,-13.26,3
55320,2025-09-09,3200.0,STOPPED,2025-10-01,-9.0,22
55320,2025-09-10,3285.0,STOPPED,2025-09-17,-9.44,7
55320,2025-09-11,3215.0,STOPPED,2025-10-01,-9.42,20
55320,2025-09-19,3460.0,STOPPED,2025-09-24,-9.39,5
55320,2025-09-22,3325.0,STOPPED,2025-09-30,-10.89,8
55320,2026-04-13,3890.0,STOPPED,2026-04-24,-9.64,11
55320,2026-04-20,4270.0,STOPPED,2026-04-21,-8.43,1
55780,2025-07-10,2122.0,STOPPED,2025-11-27,-52.36,140
55780,2025-07-11,2222.0,STOPPED,2025-11-27,-54.5,139
55780,2025-07-14,2722.0,STOPPED,2025-07-23,-8.34,9
55780,2025-07-15,2573.0,STOPPED,2025-11-27,-60.71,135
55780,2025-07-28,2759.0,STOPPED,2025-11-27,-63.36,122
55780,2025-07-31,2885.0,STOPPED,2025-08-29,-8.8,29
55780,2025-08-01,2970.0,STOPPED,2025-08-27,-8.38,26
55780,2025-08-04,2990.0,STOPPED,2025-08-12,-8.26,8
55780,2025-09-16,3030.0,STOPPED,2025-11-27,-66.63,72
55780,2025-09-17,3290.0,STOPPED,2025-09-19,-8.81,2
55780,2025-09-24,3235.0,STOPPED,2025-11-27,-68.75,64
55780,2025-09-25,3290.0,STOPPED,2025-10-01,-8.51,6
55780,2025-09-29,3300.0,STOPPED,2025-10-01,-8.79,2
55780,2025-10-09,3600.0,STOPPED,2025-10-15,-10.69,6
55780,2025-10-15,3225.0,STOPPED,2025-11-27,-68.65,43
55780,2025-10-22,3680.0,STOPPED,2025-10-28,-8.42,6
55920,2025-02-14,1887.0,STOPPED,2025-04-04,-8.37,49
55920,2025-02-17,1883.0,STOPPED,2025-04-04,-8.18,46
55920,2025-03-28,2067.0,STOPPED,2025-04-03,-11.47,6
55920,2025-04-14,2135.0,TIMEOUT,,,
55920,2025-04-17,2249.0,STOPPED,2025-05-14,-11.07,27
55920,2025-04-18,2308.0,STOPPED,2025-05-14,-13.34,26
55920,2025-04-21,2301.0,STOPPED,2025-05-14,-13.08,23
55920,2025-05-14,2294.0,TIMEOUT,,,
55920,2025-05-27,2520.0,TIMEOUT,,,
55920,2025-05-28,2588.0,TIMEOUT,,,
55920,2025-05-29,2636.0,STOPPED,2026-03-23,-8.54,298
55920,2025-06-02,2695.0,STOPPED,2025-12-11,-8.39,192
55920,2025-06-03,2810.0,STOPPED,2025-12-02,-10.32,182
55920,2025-06-05,2765.0,STOPPED,2025-12-02,-8.86,180
55920,2025-06-10,3045.0,STOPPED,2025-11-17,-14.25,160
55920,2025-06-11,3105.0,STOPPED,2025-06-23,-8.18,12
55920,2025-06-12,3095.0,STOPPED,2025-11-17,-15.64,158
55920,2025-06-17,3185.0,STOPPED,2025-06-20,-10.05,3
55920,2025-06-25,3170.0,STOPPED,2025-11-14,-8.71,142
55920,2025-06-26,3285.0,STOPPED,2025-08-04,-8.22,39
55920,2025-06-27,3265.0,STOPPED,2025-11-04,-8.12,130
55920,2025-06-30,3385.0,STOPPED,2025-07-03,-8.42,3
55920,2025-07-01,3490.0,STOPPED,2025-07-03,-11.17,2
55920,2025-08-14,3870.0,STOPPED,2025-09-12,-8.14,29
55920,2025-08-22,3875.0,STOPPED,2025-09-12,-8.26,21
55920,2025-08-25,4030.0,STOPPED,2025-09-03,-10.42,9
55920,2025-08-26,3950.0,STOPPED,2025-09-03,-8.61,8
55920,2025-09-22,4245.0,STOPPED,2025-10-10,-8.01,18
55920,2025-09-24,4260.0,STOPPED,2025-10-08,-8.1,14
55920,2025-09-25,4350.0,STOPPED,2025-10-02,-8.16,7
55920,2025-09-26,4590.0,STOPPED,2025-10-01,-8.28,5
55920,2025-09-29,4600.0,STOPPED,2025-10-01,-8.48,2
56210,2025-03-27,1570.0,STOPPED,2025-04-03,-11.72,7
56210,2025-05-16,1930.0,STOPPED,2025-12-10,-8.13,208
56210,2025-05-19,2052.0,STOPPED,2025-05-23,-8.48,4
56210,2025-06-09,2131.0,STOPPED,2025-11-17,-11.78,161
56210,2025-06-10,2095.0,STOPPED,2025-11-17,-10.26,160
56210,2025-06-11,2167.0,STOPPED,2025-11-17,-13.24,159
56210,2025-06-13,2175.0,STOPPED,2025-11-17,-13.56,157
56210,2025-06-17,2204.0,STOPPED,2025-07-07,-8.35,20
56210,2025-08-06,2306.0,STOPPED,2025-11-17,-18.47,103
56210,2025-08-07,2357.0,STOPPED,2025-11-17,-20.24,102
56210,2025-08-12,2360.0,STOPPED,2025-11-17,-20.34,97
56210,2025-08-13,2343.0,STOPPED,2025-11-17,-19.76,96
56210,2025-08-14,2412.0,STOPPED,2025-11-05,-9.0,83
56210,2025-08-15,2499.0,STOPPED,2025-10-14,-8.8,60
56210,2025-08-19,2666.0,STOPPED,2025-09-02,-8.36,14
56210,2025-08-25,2664.0,STOPPED,2025-09-02,-8.3,8
58920,2025-05-13,2998.0,STOPPED,2025-11-11,-13.04,182
58920,2025-05-15,3315.0,STOPPED,2025-05-16,-9.59,1
58920,2025-05-16,3090.0,STOPPED,2025-11-11,-15.63,179
58920,2025-05-20,3485.0,STOPPED,2025-05-22,-8.18,2
58920,2025-05-26,3410.0,STOPPED,2025-10-30,-9.53,157
58920,2025-06-02,3650.0,STOPPED,2025-06-06,-13.01,4
58920,2025-06-03,3760.0,STOPPED,2025-06-06,-15.56,3
58920,2025-06-17,4120.0,STOPPED,2025-06-23,-8.86,6
58920,2025-06-20,3920.0,STOPPED,2025-10-09,-10.46,111
58920,2025-06-24,4165.0,STOPPED,2025-10-08,-10.8,106
58920,2025-06-30,4235.0,STOPPED,2025-07-03,-8.97,3
58920,2025-07-01,4305.0,STOPPED,2025-07-03,-10.45,2
58920,2025-07-16,4395.0,STOPPED,2025-10-03,-8.19,79
58920,2025-07-17,4510.0,STOPPED,2025-10-01,-9.42,76
58920,2025-07-18,4450.0,STOPPED,2025-10-01,-8.2,75
58920,2025-07-24,4580.0,STOPPED,2025-10-01,-10.81,69
58920,2025-07-25,4905.0,STOPPED,2025-07-28,-11.01,3
58920,2025-08-04,4945.0,STOPPED,2025-09-24,-10.01,51
58920,2025-08-05,5240.0,STOPPED,2025-09-19,-9.54,45
58920,2025-08-06,5410.0,STOPPED,2025-08-28,-9.24,22
58920,2025-08-07,5550.0,STOPPED,2025-08-22,-8.29,15
58920,2025-08-14,5850.0,STOPPED,2025-08-20,-10.09,6
60720,2023-11-28,200.0,STOPPED,2023-12-01,-19.0,3
60720,2023-11-29,280.0,STOPPED,2023-11-30,-28.57,1
60720,2025-06-18,197.0,STOPPED,2025-06-19,-8.12,1
60720,2025-06-19,184.0,STOPPED,2025-07-16,-9.24,27
60720,2025-06-24,204.0,STOPPED,2025-07-01,-12.25,7
60720,2025-06-25,226.0,STOPPED,2025-06-26,-8.85,1
60720,2025-06-26,207.0,STOPPED,2025-07-01,-13.53,5
60720,2026-02-10,248.0,SUCCESS,2026-02-16,322.58,6
60720,2026-02-12,328.0,SUCCESS,2026-02-16,219.51,4
60720,2026-02-13,648.0,SUCCESS,2026-06-03,202.16,110
60720,2026-02-16,1048.0,STOPPED,2026-02-20,-8.87,4
60720,2026-02-17,1340.0,STOPPED,2026-02-18,-21.27,1
60720,2026-05-29,1438.0,STOPPED,2026-06-11,-23.5,13
60720,2026-06-01,1620.0,STOPPED,2026-06-04,-9.01,3
60720,2026-06-03,1874.0,STOPPED,2026-06-04,-21.34,1
61660,2026-01-19,469.0,TIMEOUT,,,
61660,2026-01-20,789.0,STOPPED,2026-01-21,-19.01,1
61660,2026-02-13,758.0,STOPPED,2026-05-14,-12.14,90
61660,2026-02-16,908.0,STOPPED,2026-02-20,-15.2,4
61660,2026-02-17,1058.0,STOPPED,2026-02-18,-20.23,1
61660,2026-02-18,949.0,STOPPED,2026-02-19,-9.91,1
65800,2024-11-15,1230.0,STOPPED,2024-12-03,-8.86,18
65800,2024-11-18,1331.0,STOPPED,2024-11-26,-10.44,8
65800,2024-12-24,1430.0,STOPPED,2025-03-11,-10.49,77
65800,2024-12-30,1444.0,STOPPED,2025-03-11,-11.36,71
65800,2025-01-06,1499.0,STOPPED,2025-01-10,-9.07,4
65800,2025-02-05,1594.0,STOPPED,2025-02-28,-12.17,23
65800,2025-02-06,1568.0,STOPPED,2025-02-28,-10.71,22
65800,2025-02-12,1649.0,STOPPED,2025-02-26,-9.95,14
65800,2025-02-13,1623.0,STOPPED,2025-02-26,-8.5,13
65800,2025-02-14,1586.0,STOPPED,2025-02-28,-11.73,14
65800,2025-02-17,1692.0,STOPPED,2025-02-25,-9.22,8
65800,2025-05-29,1815.0,STOPPED,2026-02-20,-10.58,267
65800,2025-05-30,1865.0,STOPPED,2026-02-20,-12.98,266
65800,2025-06-02,1872.0,STOPPED,2025-06-05,-8.17,3
65800,2025-06-10,1874.0,STOPPED,2026-02-19,-8.16,254
65800,2025-06-13,1962.0,STOPPED,2026-02-17,-10.19,249
65800,2025-06-16,2038.0,STOPPED,2026-02-17,-13.54,246
65800,2025-06-17,2347.0,STOPPED,2026-02-16,-13.34,244
65800,2025-06-18,2627.0,STOPPED,2025-07-03,-8.6,15
65800,2025-06-19,2610.0,STOPPED,2025-07-03,-8.01,14
65800,2025-06-26,2684.0,STOPPED,2025-07-02,-9.58,6
65800,2025-07-09,2723.0,STOPPED,2025-07-16,-10.03,7
65800,2025-07-14,2834.0,STOPPED,2025-07-15,-9.67,1
65800,2025-09-22,2843.0,STOPPED,2025-10-01,-10.34,9
65800,2025-11-21,3015.0,STOPPED,2026-01-05,-9.12,45
65800,2025-11-25,3000.0,STOPPED,2026-01-05,-8.67,41
65800,2025-11-26,3135.0,STOPPED,2025-12-18,-9.57,22
65800,2025-11-27,3370.0,STOPPED,2025-12-10,-9.05,13
65800,2025-12-02,3430.0,STOPPED,2025-12-08,-9.33,6
65970,2024-02-27,2443.0,STOPPED,2024-03-15,-12.65,17
65970,2024-03-05,2717.0,STOPPED,2024-03-08,-10.89,3
65970,2025-05-27,1735.0,STOPPED,2025-12-15,-8.65,202
65970,2025-05-28,1877.0,STOPPED,2025-05-29,-9.91,1
65970,2025-06-17,1861.0,STOPPED,2025-11-25,-8.65,161
65970,2025-06-19,2045.0,STOPPED,2025-07-01,-9.14,12
65970,2025-06-20,2217.0,STOPPED,2025-06-23,-9.79,3
65970,2025-09-22,2269.0,STOPPED,2025-09-25,-15.16,3
65970,2025-09-24,2102.0,STOPPED,2025-09-25,-8.42,1
65970,2026-04-03,2598.0,TIMEOUT,,,
65970,2026-04-06,3000.0,STOPPED,2026-04-07,-12.47,1
65970,2026-05-25,3820.0,STOPPED,2026-07-17,-13.61,53
65970,2026-05-26,4200.0,STOPPED,2026-07-08,-10.95,43
65970,2026-05-27,4900.0,STOPPED,2026-06-10,-8.16,14
65970,2026-05-28,4940.0,STOPPED,2026-06-10,-8.91,13
65970,2026-05-29,5070.0,STOPPED,2026-06-10,-11.24,12
65970,2026-06-02,6100.0,STOPPED,2026-06-03,-8.69,1
65970,2026-06-03,6130.0,STOPPED,2026-06-08,-8.32,5
65970,2026-06-04,6980.0,STOPPED,2026-06-05,-8.02,1
65970,2026-06-05,6620.0,STOPPED,2026-06-08,-15.11,3
70840,2023-01-10,1030.0,STOPPED,2023-01-12,-9.51,2
70840,2025-02-26,1049.0,SUCCESS,2026-01-22,204.58,330
70840,2025-02-27,1349.0,STOPPED,2025-04-02,-8.23,34
70840,2025-02-28,1653.0,STOPPED,2025-03-07,-9.2,7
70840,2025-05-19,1767.0,TIMEOUT,,,
70840,2025-05-20,1787.0,TIMEOUT,,,
70840,2025-07-14,1840.0,TIMEOUT,,,
70840,2025-07-28,1897.0,TIMEOUT,,,
70840,2025-07-29,1888.0,TIMEOUT,,,
70840,2025-07-30,1895.0,TIMEOUT,,,
70840,2025-07-31,1915.0,TIMEOUT,,,
70840,2025-08-01,1960.0,TIMEOUT,,,
70840,2025-08-06,1983.0,TIMEOUT,,,
70840,2025-08-13,1968.0,TIMEOUT,,,
70840,2025-08-15,2015.0,TIMEOUT,,,
70840,2025-08-18,2047.0,STOPPED,2026-06-12,-9.33,298
70840,2025-08-20,2057.0,STOPPED,2026-06-12,-9.77,296
70840,2025-08-21,2083.0,STOPPED,2026-06-12,-10.9,295
70840,2025-08-22,2100.0,STOPPED,2026-06-12,-11.62,294
70840,2025-08-25,2147.0,STOPPED,2026-06-12,-13.55,291
70840,2025-08-26,2147.0,STOPPED,2026-06-12,-13.55,290
70840,2025-08-27,2144.0,STOPPED,2026-06-12,-13.43,289
70840,2025-08-28,2196.0,STOPPED,2026-06-08,-9.56,284
70840,2025-08-29,2214.0,STOPPED,2026-06-08,-10.3,283
70840,2025-09-01,2250.0,STOPPED,2026-06-03,-8.09,275
70840,2025-09-02,2330.0,STOPPED,2026-06-02,-9.87,273
70840,2025-09-09,2496.0,STOPPED,2025-10-02,-9.01,23
70840,2025-09-10,2623.0,STOPPED,2025-09-29,-9.84,19
70840,2025-09-11,2701.0,STOPPED,2025-09-29,-12.44,18
70840,2025-09-12,2731.0,STOPPED,2025-09-29,-13.4,17
70840,2025-09-16,2779.0,STOPPED,2025-09-29,-14.9,13
70840,2025-11-19,2897.0,STOPPED,2026-05-18,-10.29,180
70840,2025-11-20,2948.0,STOPPED,2026-05-18,-11.84,179
70840,2026-01-21,3065.0,STOPPED,2026-04-01,-8.19,70
70840,2026-01-22,3050.0,STOPPED,2026-04-02,-11.05,70
70840,2026-02-02,3195.0,STOPPED,2026-02-25,-8.92,23
70840,2026-02-03,3280.0,STOPPED,2026-02-20,-9.97,17
70840,2026-02-04,3315.0,STOPPED,2026-02-17,-8.45,13
70840,2026-02-05,3340.0,STOPPED,2026-02-17,-9.13,12
70840,2026-02-06,3345.0,STOPPED,2026-02-17,-9.27,11
70840,2026-02-09,3465.0,STOPPED,2026-02-17,-12.41,8
70840,2026-02-10,3485.0,STOPPED,2026-02-16,-8.18,6
70840,2026-02-12,3570.0,STOPPED,2026-02-16,-10.36,4
70970,2024-01-11,1039.0,STOPPED,2024-01-15,-12.03,4
70970,2024-03-14,1066.0,STOPPED,2024-05-10,-8.63,57
70970,2024-03-15,1087.0,STOPPED,2024-04-17,-8.65,33
70970,2024-12-16,1615.0,TIMEOUT,,,
70970,2024-12-17,1903.0,TIMEOUT,,,
70970,2024-12-18,1940.0,TIMEOUT,,,
70970,2024-12-30,2039.0,STOPPED,2025-02-03,-9.12,35
70970,2025-01-06,2126.0,STOPPED,2025-01-30,-10.44,24
70970,2025-01-07,2168.0,STOPPED,2025-01-30,-12.18,23
70970,2025-01-08,2253.0,STOPPED,2025-01-16,-8.3,8
70970,2025-01-09,2350.0,STOPPED,2025-01-14,-8.13,5
70970,2025-01-10,2420.0,STOPPED,2025-01-14,-10.79,4
70970,2025-06-13,2297.0,TIMEOUT,,,
70970,2025-06-26,2429.0,TIMEOUT,,,
70970,2025-06-27,2476.0,TIMEOUT,,,
70970,2025-06-30,2532.0,TIMEOUT,,,
70970,2025-07-01,2704.0,STOPPED,2025-08-01,-9.87,31
70970,2025-08-26,2824.0,STOPPED,2025-09-09,-8.82,14
70970,2025-12-17,2890.0,STOPPED,2026-02-03,-8.13,48
70970,2025-12-18,2865.0,STOPPED,2026-02-04,-8.97,48
70970,2025-12-26,2980.0,STOPPED,2026-01-29,-10.6,34
70970,2025-12-29,3150.0,STOPPED,2026-01-29,-15.43,31
70970,2025-12-30,3145.0,STOPPED,2026-01-29,-15.29,30
70970,2026-01-06,3275.0,STOPPED,2026-01-29,-18.66,23
73180,2023-03-22,865.0,TIMEOUT,,,
73180,2023-03-28,1020.0,STOPPED,2023-04-14,-9.41,17
73180,2023-03-29,1320.0,STOPPED,2023-03-30,-15.23,1
73180,2023-03-30,1151.0,STOPPED,2023-04-03,-9.82,4
73180,2023-08-31,1509.0,STOPPED,2023-10-16,-9.54,46
73180,2023-09-04,1625.0,STOPPED,2023-10-04,-9.54,30
73180,2023-09-05,1713.0,STOPPED,2023-09-08,-8.29,3
73180,2024-01-04,1785.0,STOPPED,2024-01-12,-8.68,8
73180,2024-01-22,1850.0,STOPPED,2024-05-09,-11.3,108
73180,2024-01-29,1858.0,STOPPED,2024-05-09,-11.68,101
73180,2024-02-01,1909.0,STOPPED,2024-05-09,-14.04,98
73180,2024-02-02,1936.0,STOPPED,2024-05-09,-15.24,97
73180,2024-02-05,1958.0,STOPPED,2024-02-06,-8.99,1
73180,2024-02-19,2090.0,STOPPED,2024-04-02,-8.47,43
73180,2024-02-21,2102.0,STOPPED,2024-04-02,-8.99,41
73180,2024-02-26,2147.0,STOPPED,2024-03-14,-9.13,17
73180,2024-02-29,2266.0,STOPPED,2024-03-11,-10.81,11
73180,2024-03-04,2292.0,STOPPED,2024-03-11,-11.82,7
73180,2024-03-06,2375.0,STOPPED,2024-03-08,-10.69,2
73180,2025-05-13,1797.0,SUCCESS,2025-08-21,210.52,100
73180,2025-05-19,2149.0,SUCCESS,2025-10-27,214.56,161
73180,2025-05-20,2123.0,SUCCESS,2025-10-27,218.42,160
73180,2025-05-21,2250.0,SUCCESS,2025-10-27,200.44,159
73180,2025-05-22,2414.0,STOPPED,2025-11-27,-54.1,189
73180,2025-05-28,2445.0,STOPPED,2025-11-27,-54.68,183
73180,2025-06-02,2725.0,STOPPED,2025-11-27,-59.34,178
73180,2025-06-04,2900.0,STOPPED,2025-11-27,-61.79,176
73180,2025-06-19,3190.0,STOPPED,2025-07-07,-8.71,18
73180,2025-06-20,3030.0,STOPPED,2025-11-27,-63.43,160
73180,2025-07-01,3240.0,STOPPED,2025-07-07,-10.12,6
73180,2025-07-11,3465.0,STOPPED,2025-11-27,-68.02,139
73180,2025-07-14,3455.0,STOPPED,2025-11-27,-67.93,136
73180,2025-07-17,3300.0,STOPPED,2025-11-27,-66.42,133
73180,2025-07-23,3435.0,STOPPED,2025-11-27,-67.74,127
73180,2025-07-25,3570.0,STOPPED,2025-11-27,-68.96,125
73180,2025-07-28,3675.0,STOPPED,2025-11-27,-69.85,122
73180,2025-07-30,3715.0,STOPPED,2025-11-27,-70.17,120
73180,2025-08-06,3805.0,STOPPED,2025-11-27,-70.88,113
73180,2025-08-07,3930.0,STOPPED,2025-11-27,-71.81,112
73180,2025-08-08,3965.0,STOPPED,2025-11-27,-72.06,111
73180,2025-08-12,4120.0,STOPPED,2025-11-27,-73.11,107
73180,2025-08-13,4185.0,STOPPED,2025-11-20,-8.72,99
73180,2025-08-14,4255.0,STOPPED,2025-11-20,-10.22,98
73180,2025-08-15,4370.0,STOPPED,2025-11-20,-12.59,97
73180,2025-08-18,4675.0,STOPPED,2025-11-19,-13.37,93
73180,2025-08-19,5030.0,STOPPED,2025-11-14,-8.35,87
73180,2025-08-20,5250.0,STOPPED,2025-08-22,-10.29,2
73180,2025-08-21,5480.0,STOPPED,2025-08-22,-14.05,1
73180,2025-08-22,4860.0,STOPPED,2025-11-17,-9.36,87
73180,2025-09-03,5600.0,STOPPED,2025-09-12,-10.18,9
73180,2025-09-05,5920.0,STOPPED,2025-09-11,-11.82,6
73180,2025-09-08,6050.0,STOPPED,2025-09-11,-13.72,3
73180,2025-09-09,5870.0,STOPPED,2025-09-11,-11.07,2
73180,2025-10-24,6270.0,STOPPED,2025-11-05,-8.93,12
73180,2025-10-27,6550.0,STOPPED,2025-10-29,-8.24,2
73590,2023-02-20,2111.0,STOPPED,2023-04-27,-8.53,66
73590,2023-02-21,2181.0,STOPPED,2023-04-27,-11.46,65
73590,2023-02-22,2236.0,STOPPED,2023-04-26,-10.11,63
73590,2023-02-24,2736.0,STOPPED,2023-02-27,-9.72,3
73590,2023-02-27,2550.0,STOPPED,2023-02-28,-10.63,1
73590,2023-03-06,3120.0,STOPPED,2023-03-14,-19.17,8
73590,2023-03-08,3790.0,STOPPED,2023-03-10,-10.03,2
73590,2023-03-09,3660.0,STOPPED,2023-03-13,-13.39,4
73590,2025-07-10,486.0,STOPPED,2025-07-15,-9.26,5
73590,2025-08-12,557.0,STOPPED,2025-08-22,-12.03,10
73590,2025-08-13,565.0,STOPPED,2025-08-20,-8.32,7
73590,2025-08-14,575.0,STOPPED,2025-08-20,-9.91,6
73590,2025-08-15,604.0,STOPPED,2025-08-19,-12.09,4
73750,2025-08-15,859.0,STOPPED,2025-11-18,-9.78,95
73750,2025-08-26,926.0,STOPPED,2025-11-17,-9.83,83
73750,2025-08-27,926.0,STOPPED,2025-11-17,-9.83,82
73750,2025-08-28,949.0,STOPPED,2025-11-17,-12.01,81
73750,2025-08-29,956.0,STOPPED,2025-11-17,-12.66,80
73750,2025-09-02,1010.0,STOPPED,2025-11-17,-17.33,76
73750,2025-09-03,1060.0,STOPPED,2025-10-10,-8.4,37
73750,2026-03-19,1093.0,TIMEOUT,,,
73750,2026-03-26,1387.0,STOPPED,2026-03-27,-12.62,1
73750,2026-03-27,1219.0,STOPPED,2026-04-01,-10.5,5
73750,2026-04-02,1618.0,STOPPED,2026-04-09,-12.86,7
73750,2026-04-03,1530.0,STOPPED,2026-04-10,-13.07,7
73750,2026-04-06,1829.0,STOPPED,2026-04-08,-16.18,2
73750,2026-04-07,1933.0,STOPPED,2026-04-08,-20.69,1
73750,2026-04-16,1988.0,STOPPED,2026-05-07,-17.0,21
73750,2026-04-22,2265.0,STOPPED,2026-04-23,-10.64,1
73780,2023-07-04,979.0,STOPPED,2023-07-06,-8.89,2
73780,2024-09-17,1020.0,TIMEOUT,,,
73780,2024-09-18,1004.0,TIMEOUT,,,
73780,2024-09-19,1119.0,STOPPED,2024-09-26,-10.01,7
73780,2024-10-04,1115.0,STOPPED,2024-10-16,-8.25,12
73780,2024-12-02,1150.0,TIMEOUT,,,
73780,2024-12-03,1224.0,TIMEOUT,,,
73780,2024-12-16,1551.0,STOPPED,2025-04-07,-14.7,112
73780,2024-12-17,1711.0,STOPPED,2025-01-08,-10.4,22
73780,2025-05-26,1923.0,STOPPED,2025-09-17,-16.74,114
73780,2025-05-27,2018.0,STOPPED,2025-07-02,-9.56,36
73780,2025-05-29,2002.0,STOPPED,2025-07-02,-8.84,34
73780,2025-06-10,2015.0,STOPPED,2025-07-02,-9.43,22
73780,2025-06-11,2050.0,STOPPED,2025-07-02,-10.98,21
73780,2025-06-12,2031.0,STOPPED,2025-07-02,-10.14,20
73780,2025-06-16,2216.0,STOPPED,2025-06-17,-8.62,1
73780,2025-08-22,2298.0,STOPPED,2025-09-16,-19.23,25
73780,2025-08-25,2330.0,STOPPED,2025-08-28,-8.2,3
73780,2025-08-26,2334.0,STOPPED,2025-08-28,-8.35,2
73780,2025-09-01,2416.0,STOPPED,2025-09-16,-23.18,15
73780,2025-09-02,2377.0,STOPPED,2025-09-16,-21.92,14
73780,2025-09-08,2435.0,STOPPED,2025-09-16,-23.78,8
73780,2025-09-09,2393.0,STOPPED,2025-09-16,-22.44,7
74090,2025-06-05,2881.0,STOPPED,2025-07-15,-8.02,40
74090,2025-06-12,3155.0,STOPPED,2025-06-19,-8.3,7
74090,2025-06-23,3110.0,STOPPED,2025-07-02,-10.29,9
74090,2025-06-24,3155.0,STOPPED,2025-07-01,-8.46,7
74090,2025-07-29,3140.0,STOPPED,2025-12-29,-29.94,153
74090,2025-07-30,3275.0,STOPPED,2025-12-29,-32.82,152
74090,2025-07-31,3380.0,STOPPED,2025-12-29,-34.91,151
74090,2025-08-01,3395.0,STOPPED,2025-12-29,-35.2,150
74090,2025-08-06,3430.0,STOPPED,2025-12-29,-35.86,145
74090,2025-08-14,4080.0,STOPPED,2025-12-29,-46.08,137
74090,2025-08-15,4780.0,STOPPED,2025-08-19,-9.94,4
74090,2025-08-18,4480.0,STOPPED,2025-12-29,-50.89,133
74090,2025-08-28,5150.0,STOPPED,2025-09-04,-9.32,7
74090,2025-08-29,5000.0,STOPPED,2025-09-16,-9.0,18
74090,2025-10-07,5490.0,STOPPED,2025-12-29,-59.93,83
74090,2025-10-08,5350.0,STOPPED,2025-12-29,-58.88,82
74090,2025-10-09,5580.0,STOPPED,2025-12-17,-8.6,69
74090,2025-10-10,5570.0,STOPPED,2025-12-17,-8.44,68
74090,2025-10-22,5850.0,STOPPED,2025-12-15,-8.21,54
74090,2025-10-24,6020.0,STOPPED,2025-11-05,-10.47,12
74090,2025-10-27,6010.0,STOPPED,2025-11-05,-10.32,9
74090,2025-10-28,6020.0,STOPPED,2025-11-05,-10.47,8
74090,2025-11-06,6200.0,STOPPED,2025-12-12,-9.19,36
74090,2025-11-14,6920.0,STOPPED,2025-12-08,-13.73,24
74090,2025-11-17,7530.0,STOPPED,2025-11-19,-8.63,2
76850,2024-08-16,5150.0,STOPPED,2024-10-18,-11.65,63
76850,2024-08-19,4940.0,STOPPED,2024-10-21,-10.22,63
76850,2024-08-20,5120.0,STOPPED,2024-10-18,-11.13,59
76850,2024-08-21,5040.0,STOPPED,2024-10-18,-9.72,58
76850,2024-08-22,5380.0,STOPPED,2024-10-17,-10.87,56
76850,2024-08-26,5580.0,STOPPED,2024-09-11,-8.24,16
76850,2024-09-30,5850.0,STOPPED,2024-10-01,-8.72,1
76850,2024-10-04,5690.0,STOPPED,2024-10-17,-15.73,13
76850,2026-01-05,4905.0,STOPPED,2026-03-30,-40.08,84
76850,2026-01-09,5050.0,STOPPED,2026-03-30,-41.8,80
76850,2026-01-13,5070.0,STOPPED,2026-03-30,-42.03,76
76850,2026-02-10,5210.0,STOPPED,2026-03-30,-43.59,48
76850,2026-02-12,5120.0,STOPPED,2026-03-30,-42.6,46
76850,2026-02-13,5230.0,STOPPED,2026-03-30,-43.8,45
76850,2026-02-16,5560.0,STOPPED,2026-03-30,-47.14,42
76850,2026-02-17,5510.0,STOPPED,2026-03-30,-46.66,41
76850,2026-02-18,5940.0,STOPPED,2026-03-04,-10.61,14
76850,2026-02-19,5920.0,STOPPED,2026-03-04,-10.3,13
76850,2026-02-20,6200.0,STOPPED,2026-03-03,-10.16,11
76850,2026-02-24,6120.0,STOPPED,2026-03-03,-8.99,7
76850,2026-03-09,6510.0,STOPPED,2026-03-24,-12.29,15
76850,2026-03-10,6710.0,STOPPED,2026-03-23,-10.58,13
76850,2026-03-11,6600.0,STOPPED,2026-03-23,-9.09,12
76850,2026-03-12,6760.0,STOPPED,2026-03-23,-11.24,11
76850,2026-03-17,6730.0,STOPPED,2026-03-23,-10.85,6
76940,2023-05-08,1187.0,STOPPED,2023-05-10,-8.34,2
76940,2025-05-08,755.0,STOPPED,2025-05-09,-9.8,1
76940,2025-05-09,740.0,STOPPED,2025-05-12,-17.97,3
76940,2025-07-04,845.0,STOPPED,2025-11-17,-17.75,136
76940,2025-07-07,995.0,STOPPED,2025-08-15,-13.57,39
76940,2025-07-08,1145.0,STOPPED,2025-07-14,-10.31,6
76940,2025-07-09,1337.0,STOPPED,2025-07-10,-15.11,1
77770,2025-01-06,163.0,STOPPED,2025-01-10,-9.2,4
77770,2025-01-07,171.0,STOPPED,2025-01-09,-11.7,2
77770,2025-01-10,156.0,STOPPED,2025-01-16,-8.33,6
77770,2025-02-19,184.0,STOPPED,2025-02-28,-8.15,9
77770,2025-02-25,182.0,STOPPED,2025-03-04,-19.23,7
77770,2025-06-13,210.0,STOPPED,2025-07-01,-8.1,18
77770,2025-06-16,256.0,STOPPED,2025-06-26,-8.2,10
77770,2025-06-17,261.0,STOPPED,2025-06-26,-9.96,9
77770,2025-06-18,265.0,STOPPED,2025-06-20,-8.3,2
77770,2025-06-25,265.0,STOPPED,2025-06-26,-11.32,1
77770,2025-09-12,290.0,STOPPED,2025-10-14,-8.97,32
77770,2025-09-16,317.0,STOPPED,2025-09-17,-10.73,1
77770,2025-09-26,343.0,STOPPED,2025-09-29,-9.04,3
77770,2025-11-28,370.0,STOPPED,2025-12-03,-11.35,5
77770,2025-12-01,368.0,STOPPED,2025-12-03,-10.87,2
77770,2025-12-12,371.0,STOPPED,2025-12-16,-9.43,4
77770,2025-12-15,353.0,STOPPED,2025-12-17,-8.22,2
77770,2026-01-16,480.0,STOPPED,2026-01-23,-9.38,7
77770,2026-01-19,491.0,STOPPED,2026-01-21,-9.98,2
77770,2026-02-12,549.0,STOPPED,2026-03-16,-11.11,32
77770,2026-02-13,549.0,STOPPED,2026-03-16,-11.11,31
77770,2026-02-16,607.0,STOPPED,2026-02-20,-11.04,4
77770,2026-02-17,579.0,STOPPED,2026-03-16,-15.72,27
77770,2026-02-18,605.0,STOPPED,2026-02-20,-10.74,2
77770,2026-02-27,665.0,STOPPED,2026-03-04,-10.38,5
77770,2026-03-03,671.0,STOPPED,2026-03-04,-11.18,1
77770,2026-03-10,753.0,STOPPED,2026-03-13,-24.7,3
77770,2026-03-11,768.0,STOPPED,2026-03-13,-26.17,2
78060,2023-07-31,1625.0,STOPPED,2023-08-07,-12.43,7
78060,2023-08-01,1600.0,STOPPED,2023-08-07,-11.06,6
78060,2023-08-15,1639.0,STOPPED,2023-09-28,-8.24,44
78060,2023-09-13,1639.0,STOPPED,2023-09-28,-8.24,15
78060,2024-11-12,1785.0,STOPPED,2024-12-16,-16.64,34
78060,2024-11-13,1915.0,STOPPED,2024-12-16,-22.3,33
78060,2024-11-20,1920.0,STOPPED,2024-12-16,-22.5,26
78060,2024-11-27,1950.0,STOPPED,2024-12-13,-9.23,16
78060,2024-12-02,1946.0,STOPPED,2024-12-13,-9.04,11
78060,2024-12-03,2054.0,STOPPED,2024-12-13,-13.83,10
78060,2024-12-04,2096.0,STOPPED,2024-12-13,-15.55,9
78060,2024-12-05,2146.0,STOPPED,2024-12-13,-17.52,8
78060,2024-12-06,2183.0,STOPPED,2024-12-13,-18.92,7
78060,2024-12-11,2239.0,STOPPED,2024-12-13,-20.95,2
78060,2024-12-12,2270.0,STOPPED,2024-12-13,-22.03,1
78060,2025-03-11,2365.0,TIMEOUT,,,
78060,2025-03-12,2429.0,TIMEOUT,,,
78060,2025-03-13,2547.0,TIMEOUT,,,
78060,2025-03-14,2549.0,TIMEOUT,,,
78060,2025-03-17,2553.0,TIMEOUT,,,
78060,2025-03-24,2744.0,STOPPED,2025-04-04,-9.55,11
78060,2025-03-26,2729.0,STOPPED,2025-04-04,-9.05,9
78060,2025-03-27,2800.0,STOPPED,2025-04-03,-8.57,7
78060,2025-04-24,2845.0,TIMEOUT,,,
78060,2025-04-30,2904.0,TIMEOUT,,,
78060,2025-05-01,2903.0,TIMEOUT,,,
78060,2025-05-07,3185.0,TIMEOUT,,,
78060,2025-05-09,3460.0,TIMEOUT,,,
78060,2025-05-13,3475.0,TIMEOUT,,,
78060,2025-05-16,3470.0,TIMEOUT,,,
78060,2025-06-02,3705.0,TIMEOUT,,,
78060,2025-06-04,3765.0,TIMEOUT,,,
78060,2025-06-05,3750.0,TIMEOUT,,,
78060,2025-06-25,4080.0,STOPPED,2025-07-03,-8.21,8
78060,2025-07-09,4150.0,STOPPED,2025-10-28,-9.04,111
78060,2025-07-10,4135.0,STOPPED,2025-10-28,-8.71,110
78060,2025-07-17,4560.0,STOPPED,2025-09-03,-10.2,48
78060,2025-07-18,4470.0,STOPPED,2025-09-03,-8.39,47
78060,2025-07-24,4700.0,STOPPED,2025-09-02,-10.53,40
78060,2025-07-25,4830.0,STOPPED,2025-08-01,-8.49,7
78060,2025-07-31,4920.0,STOPPED,2025-08-01,-10.16,1
78060,2025-08-01,4450.0,STOPPED,2025-10-14,-9.55,74
78060,2025-09-18,4990.0,STOPPED,2025-10-01,-10.32,13
78060,2025-09-19,5080.0,STOPPED,2025-09-30,-8.76,11
78060,2026-02-13,5380.0,TIMEOUT,,,
78060,2026-02-27,5750.0,TIMEOUT,,,
78060,2026-03-02,5670.0,TIMEOUT,,,
78060,2026-03-04,5670.0,TIMEOUT,,,
78060,2026-03-05,5960.0,TIMEOUT,,,
78060,2026-03-11,6350.0,STOPPED,2026-03-23,-10.39,12
78060,2026-03-27,6470.0,STOPPED,2026-04-10,-8.04,14
78060,2026-04-15,6390.0,STOPPED,2026-04-30,-10.49,15
78060,2026-04-17,6600.0,STOPPED,2026-04-27,-9.7,10
78060,2026-04-20,6600.0,STOPPED,2026-04-27,-9.7,7
78060,2026-05-12,6610.0,TIMEOUT,,,
78060,2026-05-13,6720.0,STOPPED,2026-05-22,-8.48,9
78060,2026-05-14,7180.0,STOPPED,2026-05-18,-13.09,4
78060,2026-05-28,7440.0,STOPPED,2026-06-04,-10.62,7
78060,2026-05-29,7500.0,STOPPED,2026-06-02,-8.27,4
78060,2026-06-18,7650.0,TIMEOUT,,,
78060,2026-07-02,7860.0,STOPPED,2026-07-13,-8.02,11
78060,2026-07-03,8100.0,STOPPED,2026-07-10,-9.63,7
78060,2026-08-17,8230.0,TIMEOUT,,,
78060,2026-08-20,8640.0,TIMEOUT,,,
78060,2026-08-21,8680.0,TIMEOUT,,,
78060,2026-08-25,8980.0,STOPPED,2026-09-03,-9.13,9
78060,2026-08-26,9090.0,STOPPED,2026-09-03,-10.23,8
92110,2024-01-16,2581.0,STOPPED,2024-03-28,-15.85,72
92110,2024-01-19,2815.0,STOPPED,2024-03-28,-22.84,69
92110,2024-01-22,2910.0,STOPPED,2024-03-28,-25.36,66
92110,2024-01-24,2933.0,STOPPED,2024-03-28,-25.95,64
92110,2024-01-30,3105.0,STOPPED,2024-03-28,-30.05,58
92110,2024-02-02,3210.0,STOPPED,2024-02-14,-8.82,12
92110,2024-02-05,3320.0,STOPPED,2024-02-08,-9.04,3
92110,2024-02-15,3710.0,STOPPED,2024-03-28,-41.46,42
92110,2024-02-16,4410.0,STOPPED,2024-03-28,-50.75,41
92110,2024-02-19,4645.0,STOPPED,2024-02-27,-10.33,8
92110,2024-02-20,4580.0,STOPPED,2024-02-27,-9.06,7
92110,2024-03-01,4930.0,STOPPED,2024-03-28,-55.94,27
92110,2024-03-05,5100.0,STOPPED,2024-03-14,-9.31,9
92110,2024-03-06,5270.0,STOPPED,2024-03-14,-12.24,8
92110,2024-03-07,5370.0,STOPPED,2024-03-11,-8.75,4
92110,2025-04-18,1902.0,STOPPED,2025-11-17,-14.2,213
92110,2025-04-21,1861.0,STOPPED,2025-11-17,-12.31,210
92110,2025-05-16,2195.0,STOPPED,2025-05-22,-10.71,6
92110,2025-06-05,2185.0,STOPPED,2025-09-12,-9.11,99
92110,2025-06-13,2130.0,STOPPED,2025-09-16,-8.97,95
92110,2025-06-16,2281.0,STOPPED,2025-07-07,-9.73,21
92110,2025-06-17,2360.0,STOPPED,2025-07-02,-9.75,15
92110,2025-06-18,2343.0,STOPPED,2025-07-02,-9.09,14
92110,2025-06-19,2345.0,STOPPED,2025-07-02,-9.17,13
92110,2025-07-09,2427.0,STOPPED,2025-07-18,-8.53,9
92110,2025-07-15,2366.0,STOPPED,2025-09-03,-11.03,50
92110,2025-08-07,2527.0,STOPPED,2025-09-03,-16.7,27
92110,2025-08-12,2650.0,STOPPED,2025-08-28,-8.57,16
92110,2025-08-14,2716.0,STOPPED,2025-08-27,-8.43,13
92110,2025-08-15,2712.0,STOPPED,2025-08-27,-8.3,12
92270,2025-10-15,843.0,STOPPED,2025-10-17,-10.08,2
92270,2026-01-09,870.0,STOPPED,2026-05-14,-9.08,125
92270,2026-01-13,1020.0,STOPPED,2026-01-29,-8.73,16
92270,2026-01-14,1320.0,STOPPED,2026-01-15,-8.26,1
92270,2026-01-15,1350.0,STOPPED,2026-01-16,-17.04,1
92400,2024-01-31,579.0,STOPPED,2024-08-01,-8.81,183
92400,2024-02-01,540.0,STOPPED,2024-08-02,-10.74,183
92400,2024-02-02,640.0,STOPPED,2024-07-25,-10.94,174
92400,2024-02-05,637.0,STOPPED,2024-07-25,-10.52,171
92400,2024-02-07,887.0,STOPPED,2024-02-08,-16.91,1
92400,2024-03-15,907.0,STOPPED,2024-04-03,-9.81,19
92400,2024-03-18,949.0,STOPPED,2024-03-27,-8.75,9
92400,2024-03-19,928.0,STOPPED,2024-04-02,-8.84,14
92400,2024-03-21,973.0,STOPPED,2024-03-26,-8.02,5
92400,2025-06-25,833.0,STOPPED,2025-06-26,-18.01,1
92400,2025-10-07,932.0,STOPPED,2025-10-09,-16.09,2
92400,2025-10-08,1082.0,STOPPED,2025-10-09,-27.73,1
92400,2025-10-09,790.0,STOPPED,2025-10-15,-15.7,6
92410,2023-06-08,1671.0,STOPPED,2023-06-09,-14.3,1
92410,2023-06-09,1530.0,STOPPED,2023-06-12,-8.17,3
92410,2023-06-12,1930.0,STOPPED,2023-06-13,-15.03,1
92410,2023-06-13,1660.0,STOPPED,2023-06-14,-9.4,1
92410,2023-09-12,1994.0,STOPPED,2023-09-13,-9.73,1
92410,2023-09-13,2394.0,STOPPED,2023-09-14,-20.89,1
92410,2023-09-14,1897.0,STOPPED,2023-09-15,-21.09,1
92410,2025-05-21,1568.0,STOPPED,2025-05-23,-8.42,2
92410,2025-07-28,2365.0,STOPPED,2025-07-29,-8.25,1
92410,2025-07-29,2275.0,STOPPED,2025-10-14,-10.2,77
92410,2025-07-31,3275.0,STOPPED,2025-08-01,-8.55,1
92410,2025-08-01,3265.0,STOPPED,2025-08-04,-9.68,3
92410,2025-08-20,3705.0,STOPPED,2025-09-11,-20.38,22
92410,2025-08-21,4405.0,STOPPED,2025-08-26,-9.53,5
92410,2025-08-22,5110.0,STOPPED,2025-08-25,-19.57,3
92410,2025-08-25,4125.0,STOPPED,2025-09-03,-10.18,9
92560,2023-11-09,1041.0,STOPPED,2023-11-10,-12.97,1
92560,2024-03-05,1308.0,STOPPED,2024-03-08,-8.49,3
92560,2024-03-06,1608.0,STOPPED,2024-03-08,-25.56,2
92560,2024-03-07,1597.0,STOPPED,2024-03-08,-25.05,1
92560,2026-05-12,974.0,SUCCESS,2026-06-02,207.7,21
92560,2026-05-13,1124.0,SUCCESS,2026-06-08,202.49,26
92560,2026-05-14,1424.0,SUCCESS,2026-06-24,211.8,41
92560,2026-05-15,1724.0,STOPPED,2026-05-18,-10.96,3
92560,2026-05-18,1950.0,STOPPED,2026-05-19,-8.97,1
92560,2026-05-19,1980.0,STOPPED,2026-05-20,-8.74,1
92560,2026-05-20,2045.0,STOPPED,2026-06-17,-19.8,28
92560,2026-05-21,2111.0,STOPPED,2026-06-17,-22.31,27
92560,2026-05-22,2346.0,STOPPED,2026-06-16,-8.78,25
92560,2026-05-25,2499.0,STOPPED,2026-06-16,-14.37,22
92560,2026-05-27,2632.0,STOPPED,2026-06-16,-18.69,20
92560,2026-05-28,2722.0,STOPPED,2026-05-29,-10.91,1
92560,2026-06-02,2997.0,STOPPED,2026-06-04,-9.04,2
92560,2026-06-03,2901.0,STOPPED,2026-06-15,-9.0,12
92560,2026-06-04,2950.0,STOPPED,2026-06-15,-10.51,11
92560,2026-06-05,3250.0,STOPPED,2026-06-12,-8.31,7
92560,2026-06-08,3160.0,STOPPED,2026-06-15,-16.46,7
92560,2026-06-10,3340.0,STOPPED,2026-06-12,-10.78,2
92560,2026-06-23,3740.0,STOPPED,2026-07-22,-11.23,29
92560,2026-06-24,4440.0,STOPPED,2026-06-30,-10.59,6
92560,2026-06-25,4710.0,STOPPED,2026-06-30,-15.71,5
92560,2026-06-26,5410.0,STOPPED,2026-06-29,-18.48,3
92560,2026-06-29,4410.0,STOPPED,2026-06-30,-9.98,1
92700,2025-12-24,1095.0,TIMEOUT,,,
92700,2025-12-25,1226.0,STOPPED,2025-12-29,-11.66,4
92700,2026-01-09,1309.0,TIMEOUT,,,
92700,2026-01-13,1609.0,TIMEOUT,,,
92700,2026-01-14,1857.0,STOPPED,2026-02-03,-8.13,20
92700,2026-01-16,1942.0,STOPPED,2026-01-26,-9.17,10
92700,2026-01-19,1945.0,STOPPED,2026-01-26,-9.31,7
92700,2026-04-03,1977.0,STOPPED,2026-07-29,-8.75,117
92700,2026-04-06,2074.0,STOPPED,2026-07-24,-8.82,109
92700,2026-04-08,2109.0,STOPPED,2026-07-10,-8.87,93
92700,2026-04-09,2147.0,STOPPED,2026-07-10,-10.48,92
92700,2026-04-13,2591.0,STOPPED,2026-04-23,-11.27,10
92700,2026-04-14,2658.0,STOPPED,2026-04-22,-8.95,8
92700,2026-04-16,2687.0,STOPPED,2026-04-22,-9.94,6
92710,2023-08-24,510.0,STOPPED,2023-08-28,-10.78,4
92710,2024-08-23,699.0,STOPPED,2024-08-28,-9.73,5
92710,2024-08-26,700.0,STOPPED,2024-08-28,-9.86,2
92710,2025-08-18,762.0,TIMEOUT,,,
92710,2025-08-19,755.0,TIMEOUT,,,
92710,2025-08-25,789.0,STOPPED,2025-08-27,-9.25,2
92710,2025-09-18,918.0,STOPPED,2025-09-24,-9.37,6
92710,2025-09-19,962.0,STOPPED,2025-09-22,-11.64,3
92710,2025-09-22,911.0,STOPPED,2025-09-24,-8.67,2
92710,2025-10-28,990.0,STOPPED,2025-11-13,-11.11,16
92710,2025-10-29,1029.0,STOPPED,2025-11-07,-9.33,9
92710,2025-10-30,1097.0,STOPPED,2025-11-04,-8.84,5
92710,2025-10-31,1124.0,STOPPED,2025-11-04,-11.03,4
92710,2025-11-04,1030.0,STOPPED,2025-11-07,-9.42,3
92710,2026-02-17,1265.0,STOPPED,2026-02-18,-10.36,1
95530,2025-06-17,453.0,STOPPED,2025-10-29,-8.17,134
95530,2025-06-19,466.0,STOPPED,2025-10-29,-10.73,132
95530,2025-06-20,474.0,STOPPED,2025-09-29,-8.86,101
95530,2025-06-23,515.0,STOPPED,2025-06-27,-10.68,4
95530,2025-06-24,585.0,STOPPED,2025-06-26,-14.19,2
95530,2025-08-18,602.0,STOPPED,2025-08-20,-14.12,2
95530,2025-08-25,607.0,STOPPED,2025-09-03,-8.9,9
95530,2025-08-29,616.0,STOPPED,2025-09-03,-10.23,5
95530,2025-12-19,634.0,STOPPED,2026-05-20,-13.56,152
95530,2025-12-22,662.0,STOPPED,2026-05-20,-17.22,149
95530,2025-12-23,674.0,STOPPED,2026-05-20,-18.69,148
95530,2025-12-25,696.0,STOPPED,2026-05-18,-10.06,144
95530,2026-01-13,715.0,STOPPED,2026-05-18,-12.45,125
95530,2026-01-15,784.0,STOPPED,2026-01-28,-9.06,13
95530,2026-01-20,790.0,STOPPED,2026-01-28,-9.75,8
95530,2026-01-26,784.0,STOPPED,2026-01-28,-9.06,2
95530,2026-02-16,740.0,STOPPED,2026-05-18,-15.41,91
95530,2026-02-18,783.0,STOPPED,2026-03-31,-8.05,41
95530,2026-02-19,843.0,STOPPED,2026-03-04,-9.85,13
95530,2026-02-20,830.0,STOPPED,2026-03-04,-8.43,12
95530,2026-02-27,873.0,STOPPED,2026-03-04,-12.94,5
95530,2026-03-02,866.0,STOPPED,2026-03-04,-12.24,2
95530,2026-03-10,899.0,STOPPED,2026-03-16,-9.34,6
95530,2026-03-11,921.0,STOPPED,2026-03-16,-11.51,5
95540,2024-06-24,1140.0,STOPPED,2024-08-02,-10.88,39
95540,2024-06-25,1190.0,STOPPED,2024-08-02,-14.62,38
95540,2024-06-27,1197.0,STOPPED,2024-07-05,-8.35,8
95540,2024-06-28,1221.0,STOPPED,2024-07-05,-10.16,7
95540,2024-12-11,1268.0,TIMEOUT,,,
95540,2024-12-18,1297.0,TIMEOUT,,,
95540,2024-12-24,1317.0,TIMEOUT,,,
95540,2024-12-25,1304.0,TIMEOUT,,,
95540,2024-12-26,1380.0,TIMEOUT,,,
95540,2024-12-27,1407.0,STOPPED,2025-01-15,-8.88,19
95540,2024-12-30,1401.0,STOPPED,2025-01-15,-8.49,16
95540,2025-01-27,1485.0,STOPPED,2025-02-17,-12.12,21
95540,2025-01-29,1540.0,STOPPED,2025-02-17,-15.26,19
95540,2025-02-06,1538.0,STOPPED,2025-02-17,-15.15,11
95540,2025-02-21,1569.0,STOPPED,2025-03-13,-9.5,20
95540,2025-02-27,1608.0,STOPPED,2025-03-04,-10.14,5
95540,2025-02-28,1577.0,STOPPED,2025-03-04,-8.37,4
95540,2025-03-26,1671.0,STOPPED,2025-04-07,-17.06,12
95540,2025-03-27,1654.0,STOPPED,2025-04-07,-16.2,11
95540,2025-03-28,1720.0,STOPPED,2025-04-07,-19.42,10
95540,2025-03-31,1740.0,STOPPED,2025-04-07,-20.34,7
95540,2025-04-01,1703.0,STOPPED,2025-04-07,-18.61,6
95540,2025-04-02,1792.0,STOPPED,2025-04-04,-9.93,2
95540,2025-04-16,1740.0,STOPPED,2026-02-12,-10.29,302
95540,2025-04-18,1850.0,STOPPED,2025-05-16,-10.54,28
95540,2025-04-21,1896.0,STOPPED,2025-04-28,-9.12,7
95540,2025-04-22,1854.0,STOPPED,2025-05-16,-10.73,24
95540,2025-05-14,1925.0,STOPPED,2025-05-16,-14.03,2
95540,2025-05-29,1915.0,STOPPED,2025-10-29,-10.18,153
95540,2025-06-06,1997.0,STOPPED,2025-09-19,-8.11,105
95540,2025-06-09,2100.0,STOPPED,2025-09-09,-8.1,92
95540,2025-06-10,2228.0,STOPPED,2025-06-27,-8.89,17
95540,2025-06-11,2232.0,STOPPED,2025-06-27,-9.05,16
95540,2025-06-17,2329.0,STOPPED,2025-06-23,-8.54,6
95540,2025-08-15,2175.0,STOPPED,2025-09-04,-9.52,20
95560,2024-10-16,5520.0,STOPPED,2024-10-23,-8.33,7
95560,2024-10-31,5630.0,STOPPED,2024-12-10,-8.35,40
95560,2024-11-01,5510.0,STOPPED,2025-01-15,-9.26,75
95560,2024-11-06,5710.0,STOPPED,2024-12-06,-8.58,30
95560,2024-11-07,5810.0,STOPPED,2024-12-06,-10.15,29
95560,2024-11-08,5990.0,STOPPED,2024-12-04,-9.35,26
95560,2024-11-11,6080.0,STOPPED,2024-11-26,-9.21,15
95560,2024-11-12,6160.0,STOPPED,2024-11-26,-10.39,14
95560,2024-12-13,6200.0,STOPPED,2025-01-14,-11.94,32
95560,2024-12-16,6350.0,STOPPED,2025-01-10,-9.61,25
95560,2024-12-23,6690.0,STOPPED,2025-01-06,-9.12,14
95560,2024-12-24,6520.0,STOPPED,2025-01-08,-8.74,15
95560,2025-07-04,6700.0,STOPPED,2025-08-28,-45.07,55
95560,2025-07-24,7000.0,STOPPED,2025-08-28,-47.43,35
95560,2025-07-28,7150.0,STOPPED,2025-08-28,-48.53,31
95560,2025-07-31,7260.0,STOPPED,2025-08-28,-49.31,28
95560,2025-08-04,7210.0,STOPPED,2025-08-28,-48.96,24
95560,2025-08-07,7400.0,STOPPED,2025-08-28,-50.27,21
95560,2025-08-14,7330.0,STOPPED,2025-08-28,-49.8,14
95560,2025-08-15,7380.0,STOPPED,2025-08-28,-50.14,13
95560,2025-08-18,7640.0,STOPPED,2025-08-28,-51.83,10
95560,2025-08-25,7710.0,STOPPED,2025-08-28,-52.27,3
