code,name,seq,new_high_date,high,prior_52w_high,true_low_date,true_high_date,true_multiple
45700,株式会社免疫生物研究所,1,2023-07-06,552.0,530.0,2022-12-28,2023-08-14,3.13
45700,株式会社免疫生物研究所,2,2023-07-07,652.0,552.0,2022-12-28,2023-08-14,3.13
45700,株式会社免疫生物研究所,3,2023-07-10,705.0,652.0,2022-12-28,2023-08-14,3.13
45700,株式会社免疫生物研究所,4,2023-07-12,755.0,705.0,2022-12-28,2023-08-14,3.13
45700,株式会社免疫生物研究所,5,2023-07-27,760.0,755.0,2022-12-28,2023-08-14,3.13
45700,株式会社免疫生物研究所,6,2023-08-09,789.0,760.0,2022-12-28,2023-08-14,3.13
45700,株式会社免疫生物研究所,7,2023-08-10,845.0,789.0,2022-12-28,2023-08-14,3.13
45700,株式会社免疫生物研究所,8,2023-08-14,929.0,845.0,2022-12-28,2023-08-14,3.13
39050,データセクション株式会社,1,2023-06-02,338.0,302.0,2023-01-17,2024-01-17,3.1
39050,データセクション株式会社,2,2023-06-20,407.0,338.0,2023-01-17,2024-01-17,3.1
39050,データセクション株式会社,3,2023-06-21,437.0,407.0,2023-01-17,2024-01-17,3.1
39050,データセクション株式会社,4,2024-01-12,485.0,437.0,2023-01-17,2024-01-17,3.1
39050,データセクション株式会社,5,2024-01-15,565.0,485.0,2023-01-17,2024-01-17,3.1
39050,データセクション株式会社,6,2024-01-16,665.0,565.0,2023-01-17,2024-01-17,3.1
39050,データセクション株式会社,7,2024-01-17,738.0,665.0,2023-01-17,2024-01-17,3.1
92110,株式会社エフ・コード,1,2024-01-16,2765.0,2400.0,2023-10-23,2024-01-30,3.04
92110,株式会社エフ・コード,2,2024-01-19,2855.0,2765.0,2023-10-23,2024-01-30,3.04
92110,株式会社エフ・コード,3,2024-01-22,2953.0,2855.0,2023-10-23,2024-01-30,3.04
92110,株式会社エフ・コード,4,2024-01-24,3055.0,2953.0,2023-10-23,2024-01-30,3.04
92110,株式会社エフ・コード,5,2024-01-30,3165.0,3055.0,2023-10-23,2024-01-30,3.04
25860,株式会社フルッタフルッタ,1,2024-08-15,95.0,82.0,2024-08-05,2024-08-15,3.28
33000,株式会社アンビションＤＸホールディングス,1,2023-02-15,639.0,636.0,2023-12-18,2024-11-19,3.08
33000,株式会社アンビションＤＸホールディングス,2,2023-02-20,678.0,639.0,2023-12-18,2024-11-19,3.08
33000,株式会社アンビションＤＸホールディングス,3,2023-02-21,697.0,678.0,2023-12-18,2024-11-19,3.08
33000,株式会社アンビションＤＸホールディングス,4,2023-03-03,718.0,697.0,2023-12-18,2024-11-19,3.08
33000,株式会社アンビションＤＸホールディングス,5,2023-03-06,729.0,718.0,2023-12-18,2024-11-19,3.08
33000,株式会社アンビションＤＸホールディングス,6,2023-03-07,737.0,729.0,2023-12-18,2024-11-19,3.08
33000,株式会社アンビションＤＸホールディングス,7,2023-03-09,745.0,737.0,2023-12-18,2024-11-19,3.08
33000,株式会社アンビションＤＸホールディングス,8,2023-05-12,754.0,745.0,2023-12-18,2024-11-19,3.08
33000,株式会社アンビションＤＸホールディングス,9,2023-05-15,755.0,754.0,2023-12-18,2024-11-19,3.08
33000,株式会社アンビションＤＸホールディングス,10,2023-05-16,803.0,755.0,2023-12-18,2024-11-19,3.08
33000,株式会社アンビションＤＸホールディングス,11,2023-05-17,822.0,803.0,2023-12-18,2024-11-19,3.08
33000,株式会社アンビションＤＸホールディングス,12,2023-05-18,831.0,822.0,2023-12-18,2024-11-19,3.08
33000,株式会社アンビションＤＸホールディングス,13,2023-05-22,847.0,831.0,2023-12-18,2024-11-19,3.08
33000,株式会社アンビションＤＸホールディングス,14,2023-05-26,865.0,847.0,2023-12-18,2024-11-19,3.08
33000,株式会社アンビションＤＸホールディングス,15,2023-05-29,895.0,865.0,2023-12-18,2024-11-19,3.08
33000,株式会社アンビションＤＸホールディングス,16,2023-05-30,923.0,895.0,2023-12-18,2024-11-19,3.08
33000,株式会社アンビションＤＸホールディングス,17,2023-06-20,943.0,923.0,2023-12-18,2024-11-19,3.08
33000,株式会社アンビションＤＸホールディングス,18,2023-07-20,946.0,943.0,2023-12-18,2024-11-19,3.08
33000,株式会社アンビションＤＸホールディングス,19,2023-07-28,974.0,946.0,2023-12-18,2024-11-19,3.08
33000,株式会社アンビションＤＸホールディングス,20,2024-04-22,975.0,974.0,2023-12-18,2024-11-19,3.08
33000,株式会社アンビションＤＸホールディングス,21,2024-04-23,998.0,975.0,2023-12-18,2024-11-19,3.08
33000,株式会社アンビションＤＸホールディングス,22,2024-06-21,1037.0,998.0,2023-12-18,2024-11-19,3.08
33000,株式会社アンビションＤＸホールディングス,23,2024-06-24,1059.0,1037.0,2023-12-18,2024-11-19,3.08
33000,株式会社アンビションＤＸホールディングス,24,2024-06-25,1070.0,1059.0,2023-12-18,2024-11-19,3.08
33000,株式会社アンビションＤＸホールディングス,25,2024-08-13,1074.0,1070.0,2023-12-18,2024-11-19,3.08
33000,株式会社アンビションＤＸホールディングス,26,2024-08-14,1362.0,1074.0,2023-12-18,2024-11-19,3.08
33000,株式会社アンビションＤＸホールディングス,27,2024-08-15,1660.0,1362.0,2023-12-18,2024-11-19,3.08
33000,株式会社アンビションＤＸホールディングス,28,2024-08-26,1700.0,1660.0,2023-12-18,2024-11-19,3.08
33000,株式会社アンビションＤＸホールディングス,29,2024-08-27,1750.0,1700.0,2023-12-18,2024-11-19,3.08
33000,株式会社アンビションＤＸホールディングス,30,2024-08-29,1776.0,1750.0,2023-12-18,2024-11-19,3.08
33000,株式会社アンビションＤＸホールディングス,31,2024-08-30,1837.0,1776.0,2023-12-18,2024-11-19,3.08
33000,株式会社アンビションＤＸホールディングス,32,2024-09-02,1880.0,1837.0,2023-12-18,2024-11-19,3.08
33000,株式会社アンビションＤＸホールディングス,33,2024-09-19,1900.0,1880.0,2023-12-18,2024-11-19,3.08
33000,株式会社アンビションＤＸホールディングス,34,2024-09-27,2020.0,1900.0,2023-12-18,2024-11-19,3.08
33000,株式会社アンビションＤＸホールディングス,35,2024-10-03,2038.0,2020.0,2023-12-18,2024-11-19,3.08
33000,株式会社アンビションＤＸホールディングス,36,2024-11-14,2081.0,2038.0,2023-12-18,2024-11-19,3.08
33000,株式会社アンビションＤＸホールディングス,37,2024-11-15,2104.0,2081.0,2023-12-18,2024-11-19,3.08
33000,株式会社アンビションＤＸホールディングス,38,2024-11-18,2134.0,2104.0,2023-12-18,2024-11-19,3.08
33000,株式会社アンビションＤＸホールディングス,39,2024-11-19,2190.0,2134.0,2023-12-18,2024-11-19,3.08
73780,株式会社アシロ,1,2023-07-04,980.0,976.0,2024-08-05,2024-12-17,3.17
73780,株式会社アシロ,2,2024-09-17,1020.0,930.0,2024-08-05,2024-12-17,3.17
73780,株式会社アシロ,3,2024-09-18,1094.0,1020.0,2024-08-05,2024-12-17,3.17
73780,株式会社アシロ,4,2024-09-19,1139.0,1094.0,2024-08-05,2024-12-17,3.17
73780,株式会社アシロ,5,2024-10-04,1153.0,1139.0,2024-08-05,2024-12-17,3.17
73780,株式会社アシロ,6,2024-12-02,1161.0,1153.0,2024-08-05,2024-12-17,3.17
73780,株式会社アシロ,7,2024-12-03,1287.0,1161.0,2024-08-05,2024-12-17,3.17
73780,株式会社アシロ,8,2024-12-16,1551.0,1287.0,2024-08-05,2024-12-17,3.17
73780,株式会社アシロ,9,2024-12-17,1951.0,1551.0,2024-08-05,2024-12-17,3.17
70970,株式会社さくらさくプラス,1,2024-01-11,1045.0,985.0,2024-01-09,2025-01-08,3.04
70970,株式会社さくらさくプラス,2,2024-03-14,1066.0,1045.0,2024-01-09,2025-01-08,3.04
70970,株式会社さくらさくプラス,3,2024-03-15,1360.0,1066.0,2024-01-09,2025-01-08,3.04
70970,株式会社さくらさくプラス,4,2024-12-16,1615.0,1360.0,2024-01-09,2025-01-08,3.04
70970,株式会社さくらさくプラス,5,2024-12-17,1920.0,1615.0,2024-01-09,2025-01-08,3.04
70970,株式会社さくらさくプラス,6,2024-12-18,2005.0,1920.0,2024-01-09,2025-01-08,3.04
70970,株式会社さくらさくプラス,7,2024-12-30,2049.0,2005.0,2024-01-09,2025-01-08,3.04
70970,株式会社さくらさくプラス,8,2025-01-06,2160.0,2049.0,2024-01-09,2025-01-08,3.04
70970,株式会社さくらさくプラス,9,2025-01-07,2195.0,2160.0,2024-01-09,2025-01-08,3.04
70970,株式会社さくらさくプラス,10,2025-01-08,2268.0,2195.0,2024-01-09,2025-01-08,3.04
52430,ｎｏｔｅ株式会社,1,2024-06-26,692.0,687.0,2024-08-05,2025-01-27,3.09
52430,ｎｏｔｅ株式会社,2,2024-06-27,710.0,692.0,2024-08-05,2025-01-27,3.09
52430,ｎｏｔｅ株式会社,3,2024-06-28,719.0,710.0,2024-08-05,2025-01-27,3.09
52430,ｎｏｔｅ株式会社,4,2024-07-01,724.0,719.0,2024-08-05,2025-01-27,3.09
52430,ｎｏｔｅ株式会社,5,2024-07-02,738.0,724.0,2024-08-05,2025-01-27,3.09
52430,ｎｏｔｅ株式会社,6,2025-01-17,1053.0,738.0,2024-08-05,2025-01-27,3.09
52430,ｎｏｔｅ株式会社,7,2025-01-27,1284.0,1053.0,2024-08-05,2025-01-27,3.09
92400,株式会社デリバリーコンサルティング,1,2024-01-31,606.0,544.0,2025-04-07,2025-06-25,3.1
92400,株式会社デリバリーコンサルティング,2,2024-02-01,630.0,606.0,2025-04-07,2025-06-25,3.1
92400,株式会社デリバリーコンサルティング,3,2024-02-02,640.0,630.0,2025-04-07,2025-06-25,3.1
92400,株式会社デリバリーコンサルティング,4,2024-02-05,740.0,640.0,2025-04-07,2025-06-25,3.1
92400,株式会社デリバリーコンサルティング,5,2024-02-07,887.0,740.0,2025-04-07,2025-06-25,3.1
92400,株式会社デリバリーコンサルティング,6,2024-03-15,907.0,887.0,2025-04-07,2025-06-25,3.1
92400,株式会社デリバリーコンサルティング,7,2024-03-18,989.0,907.0,2025-04-07,2025-06-25,3.1
92400,株式会社デリバリーコンサルティング,8,2024-03-19,1004.0,989.0,2025-04-07,2025-06-25,3.1
92400,株式会社デリバリーコンサルティング,9,2024-03-21,1034.0,1004.0,2025-04-07,2025-06-25,3.1
92400,株式会社デリバリーコンサルティング,10,2025-06-25,926.0,711.0,2025-04-07,2025-06-25,3.1
50290,サークレイス株式会社,1,2024-12-27,843.0,714.0,2024-08-05,2025-04-24,3.45
50290,サークレイス株式会社,2,2025-01-22,917.0,843.0,2024-08-05,2025-04-24,3.45
50290,サークレイス株式会社,3,2025-01-23,938.0,917.0,2024-08-05,2025-04-24,3.45
50290,サークレイス株式会社,4,2025-01-24,958.0,938.0,2024-08-05,2025-04-24,3.45
50290,サークレイス株式会社,5,2025-01-30,1041.0,958.0,2024-08-05,2025-04-24,3.45
50290,サークレイス株式会社,6,2025-02-05,1155.0,1041.0,2024-08-05,2025-04-24,3.45
50290,サークレイス株式会社,7,2025-02-12,1198.0,1155.0,2024-08-05,2025-04-24,3.45
50290,サークレイス株式会社,8,2025-04-23,1199.0,1198.0,2024-08-05,2025-04-24,3.45
50290,サークレイス株式会社,9,2025-04-24,1379.0,1199.0,2024-08-05,2025-04-24,3.45
36920,株式会社ＦＦＲＩセキュリティ,1,2023-06-14,1480.0,1336.0,2024-08-05,2025-05-16,3.0
36920,株式会社ＦＦＲＩセキュリティ,2,2023-06-15,1566.0,1480.0,2024-08-05,2025-05-16,3.0
36920,株式会社ＦＦＲＩセキュリティ,3,2023-06-16,1600.0,1566.0,2024-08-05,2025-05-16,3.0
36920,株式会社ＦＦＲＩセキュリティ,4,2023-06-19,1733.0,1600.0,2024-08-05,2025-05-16,3.0
36920,株式会社ＦＦＲＩセキュリティ,5,2024-02-14,1739.0,1733.0,2024-08-05,2025-05-16,3.0
36920,株式会社ＦＦＲＩセキュリティ,6,2024-02-15,1794.0,1739.0,2024-08-05,2025-05-16,3.0
36920,株式会社ＦＦＲＩセキュリティ,7,2024-02-16,1857.0,1794.0,2024-08-05,2025-05-16,3.0
36920,株式会社ＦＦＲＩセキュリティ,8,2024-02-19,1897.0,1857.0,2024-08-05,2025-05-16,3.0
36920,株式会社ＦＦＲＩセキュリティ,9,2024-02-27,1996.0,1897.0,2024-08-05,2025-05-16,3.0
36920,株式会社ＦＦＲＩセキュリティ,10,2024-02-28,2146.0,1996.0,2024-08-05,2025-05-16,3.0
36920,株式会社ＦＦＲＩセキュリティ,11,2024-03-04,2223.0,2146.0,2024-08-05,2025-05-16,3.0
36920,株式会社ＦＦＲＩセキュリティ,12,2024-03-06,2260.0,2223.0,2024-08-05,2025-05-16,3.0
36920,株式会社ＦＦＲＩセキュリティ,13,2024-03-07,2268.0,2260.0,2024-08-05,2025-05-16,3.0
36920,株式会社ＦＦＲＩセキュリティ,14,2024-04-11,2588.0,2268.0,2024-08-05,2025-05-16,3.0
36920,株式会社ＦＦＲＩセキュリティ,15,2024-07-19,2708.0,2588.0,2024-08-05,2025-05-16,3.0
36920,株式会社ＦＦＲＩセキュリティ,16,2024-07-22,2794.0,2708.0,2024-08-05,2025-05-16,3.0
36920,株式会社ＦＦＲＩセキュリティ,17,2024-09-27,2980.0,2794.0,2024-08-05,2025-05-16,3.0
36920,株式会社ＦＦＲＩセキュリティ,18,2025-03-04,3050.0,2980.0,2024-08-05,2025-05-16,3.0
36920,株式会社ＦＦＲＩセキュリティ,19,2025-03-05,3165.0,3050.0,2024-08-05,2025-05-16,3.0
36920,株式会社ＦＦＲＩセキュリティ,20,2025-03-18,3590.0,3165.0,2024-08-05,2025-05-16,3.0
36920,株式会社ＦＦＲＩセキュリティ,21,2025-03-19,3745.0,3590.0,2024-08-05,2025-05-16,3.0
36920,株式会社ＦＦＲＩセキュリティ,22,2025-03-24,4040.0,3745.0,2024-08-05,2025-05-16,3.0
36920,株式会社ＦＦＲＩセキュリティ,23,2025-05-15,4305.0,4040.0,2024-08-05,2025-05-16,3.0
36920,株式会社ＦＦＲＩセキュリティ,24,2025-05-16,5010.0,4305.0,2024-08-05,2025-05-16,3.0
58920,株式会社ｙｕｔｏｒｉ,1,2025-05-13,3160.0,2913.0,2024-08-05,2025-05-20,3.1
58920,株式会社ｙｕｔｏｒｉ,2,2025-05-15,3380.0,3160.0,2024-08-05,2025-05-20,3.1
58920,株式会社ｙｕｔｏｒｉ,3,2025-05-16,3460.0,3380.0,2024-08-05,2025-05-20,3.1
58920,株式会社ｙｕｔｏｒｉ,4,2025-05-20,3590.0,3460.0,2024-08-05,2025-05-20,3.1
95540,株式会社ＡＶｉＣ,1,2024-06-24,1177.0,1145.0,2024-08-05,2025-06-10,3.12
95540,株式会社ＡＶｉＣ,2,2024-06-25,1197.0,1177.0,2024-08-05,2025-06-10,3.12
95540,株式会社ＡＶｉＣ,3,2024-06-27,1235.0,1197.0,2024-08-05,2025-06-10,3.12
95540,株式会社ＡＶｉＣ,4,2024-06-28,1264.0,1235.0,2024-08-05,2025-06-10,3.12
95540,株式会社ＡＶｉＣ,5,2024-12-11,1297.0,1264.0,2024-08-05,2025-06-10,3.12
95540,株式会社ＡＶｉＣ,6,2024-12-18,1340.0,1297.0,2024-08-05,2025-06-10,3.12
95540,株式会社ＡＶｉＣ,7,2024-12-24,1360.0,1340.0,2024-08-05,2025-06-10,3.12
95540,株式会社ＡＶｉＣ,8,2024-12-25,1384.0,1360.0,2024-08-05,2025-06-10,3.12
95540,株式会社ＡＶｉＣ,9,2024-12-26,1401.0,1384.0,2024-08-05,2025-06-10,3.12
95540,株式会社ＡＶｉＣ,10,2024-12-27,1429.0,1401.0,2024-08-05,2025-06-10,3.12
95540,株式会社ＡＶｉＣ,11,2024-12-30,1436.0,1429.0,2024-08-05,2025-06-10,3.12
95540,株式会社ＡＶｉＣ,12,2025-01-27,1540.0,1436.0,2024-08-05,2025-06-10,3.12
95540,株式会社ＡＶｉＣ,13,2025-01-29,1573.0,1540.0,2024-08-05,2025-06-10,3.12
95540,株式会社ＡＶｉＣ,14,2025-02-06,1579.0,1573.0,2024-08-05,2025-06-10,3.12
95540,株式会社ＡＶｉＣ,15,2025-02-21,1600.0,1579.0,2024-08-05,2025-06-10,3.12
95540,株式会社ＡＶｉＣ,16,2025-02-27,1617.0,1600.0,2024-08-05,2025-06-10,3.12
95540,株式会社ＡＶｉＣ,17,2025-02-28,1665.0,1617.0,2024-08-05,2025-06-10,3.12
95540,株式会社ＡＶｉＣ,18,2025-03-26,1686.0,1665.0,2024-08-05,2025-06-10,3.12
95540,株式会社ＡＶｉＣ,19,2025-03-27,1718.0,1686.0,2024-08-05,2025-06-10,3.12
95540,株式会社ＡＶｉＣ,20,2025-03-28,1733.0,1718.0,2024-08-05,2025-06-10,3.12
95540,株式会社ＡＶｉＣ,21,2025-03-31,1769.0,1733.0,2024-08-05,2025-06-10,3.12
95540,株式会社ＡＶｉＣ,22,2025-04-01,1782.0,1769.0,2024-08-05,2025-06-10,3.12
95540,株式会社ＡＶｉＣ,23,2025-04-02,1795.0,1782.0,2024-08-05,2025-06-10,3.12
95540,株式会社ＡＶｉＣ,24,2025-04-16,1839.0,1795.0,2024-08-05,2025-06-10,3.12
95540,株式会社ＡＶｉＣ,25,2025-04-18,1892.0,1839.0,2024-08-05,2025-06-10,3.12
95540,株式会社ＡＶｉＣ,26,2025-04-21,1896.0,1892.0,2024-08-05,2025-06-10,3.12
95540,株式会社ＡＶｉＣ,27,2025-04-22,1930.0,1896.0,2024-08-05,2025-06-10,3.12
95540,株式会社ＡＶｉＣ,28,2025-05-14,1964.0,1930.0,2024-08-05,2025-06-10,3.12
95540,株式会社ＡＶｉＣ,29,2025-05-29,1982.0,1964.0,2024-08-05,2025-06-10,3.12
95540,株式会社ＡＶｉＣ,30,2025-06-06,2020.0,1982.0,2024-08-05,2025-06-10,3.12
95540,株式会社ＡＶｉＣ,31,2025-06-09,2104.0,2020.0,2024-08-05,2025-06-10,3.12
95540,株式会社ＡＶｉＣ,32,2025-06-10,2284.0,2104.0,2024-08-05,2025-06-10,3.12
35560,リネットジャパングループ株式会社,1,2023-07-07,660.0,648.0,2024-08-06,2025-06-06,3.18
35560,リネットジャパングループ株式会社,2,2023-07-27,664.0,660.0,2024-08-06,2025-06-06,3.18
35560,リネットジャパングループ株式会社,3,2023-07-28,686.0,664.0,2024-08-06,2025-06-06,3.18
35560,リネットジャパングループ株式会社,4,2023-07-31,730.0,686.0,2024-08-06,2025-06-06,3.18
35560,リネットジャパングループ株式会社,5,2023-09-04,743.0,730.0,2024-08-06,2025-06-06,3.18
35560,リネットジャパングループ株式会社,6,2023-09-05,746.0,743.0,2024-08-06,2025-06-06,3.18
35560,リネットジャパングループ株式会社,7,2023-09-07,755.0,746.0,2024-08-06,2025-06-06,3.18
35560,リネットジャパングループ株式会社,8,2023-09-08,777.0,755.0,2024-08-06,2025-06-06,3.18
35560,リネットジャパングループ株式会社,9,2025-05-15,350.0,348.0,2024-08-06,2025-06-06,3.18
35560,リネットジャパングループ株式会社,10,2025-05-19,371.0,350.0,2024-08-06,2025-06-06,3.18
35560,リネットジャパングループ株式会社,11,2025-05-20,379.0,371.0,2024-08-06,2025-06-06,3.18
35560,リネットジャパングループ株式会社,12,2025-05-21,420.0,379.0,2024-08-06,2025-06-06,3.18
35560,リネットジャパングループ株式会社,13,2025-05-23,424.0,420.0,2024-08-06,2025-06-06,3.18
35560,リネットジャパングループ株式会社,14,2025-05-29,425.0,424.0,2024-08-06,2025-06-06,3.18
35560,リネットジャパングループ株式会社,15,2025-06-02,427.0,425.0,2024-08-06,2025-06-06,3.18
35560,リネットジャパングループ株式会社,16,2025-06-03,477.0,427.0,2024-08-06,2025-06-06,3.18
35560,リネットジャパングループ株式会社,17,2025-06-04,500.0,477.0,2024-08-06,2025-06-06,3.18
35560,リネットジャパングループ株式会社,18,2025-06-05,510.0,500.0,2024-08-06,2025-06-06,3.18
35560,リネットジャパングループ株式会社,19,2025-06-06,543.0,510.0,2024-08-06,2025-06-06,3.18
56210,株式会社ヒューマンテクノロジーズ,1,2025-03-27,1648.0,1630.0,2024-08-05,2025-06-10,3.04
56210,株式会社ヒューマンテクノロジーズ,2,2025-05-16,2000.0,1648.0,2024-08-05,2025-06-10,3.04
56210,株式会社ヒューマンテクノロジーズ,3,2025-05-19,2110.0,2000.0,2024-08-05,2025-06-10,3.04
56210,株式会社ヒューマンテクノロジーズ,4,2025-06-09,2134.0,2110.0,2024-08-05,2025-06-10,3.04
56210,株式会社ヒューマンテクノロジーズ,5,2025-06-10,2197.0,2134.0,2024-08-05,2025-06-10,3.04
55920,株式会社くすりの窓口,1,2025-02-14,1920.0,1670.0,2024-08-05,2025-06-12,3.05
55920,株式会社くすりの窓口,2,2025-02-17,2040.0,1920.0,2024-08-05,2025-06-12,3.05
55920,株式会社くすりの窓口,3,2025-03-28,2151.0,2040.0,2024-08-05,2025-06-12,3.05
55920,株式会社くすりの窓口,4,2025-04-14,2176.0,2151.0,2024-08-05,2025-06-12,3.05
55920,株式会社くすりの窓口,5,2025-04-17,2276.0,2176.0,2024-08-05,2025-06-12,3.05
55920,株式会社くすりの窓口,6,2025-04-18,2312.0,2276.0,2024-08-05,2025-06-12,3.05
55920,株式会社くすりの窓口,7,2025-04-21,2388.0,2312.0,2024-08-05,2025-06-12,3.05
55920,株式会社くすりの窓口,8,2025-05-14,2559.0,2388.0,2024-08-05,2025-06-12,3.05
55920,株式会社くすりの窓口,9,2025-05-27,2650.0,2559.0,2024-08-05,2025-06-12,3.05
55920,株式会社くすりの窓口,10,2025-05-28,2661.0,2650.0,2024-08-05,2025-06-12,3.05
55920,株式会社くすりの窓口,11,2025-05-29,2698.0,2661.0,2024-08-05,2025-06-12,3.05
55920,株式会社くすりの窓口,12,2025-06-02,2761.0,2698.0,2024-08-05,2025-06-12,3.05
55920,株式会社くすりの窓口,13,2025-06-03,2844.0,2761.0,2024-08-05,2025-06-12,3.05
55920,株式会社くすりの窓口,14,2025-06-05,2884.0,2844.0,2024-08-05,2025-06-12,3.05
55920,株式会社くすりの窓口,15,2025-06-10,3050.0,2884.0,2024-08-05,2025-06-12,3.05
55920,株式会社くすりの窓口,16,2025-06-11,3115.0,3050.0,2024-08-05,2025-06-12,3.05
55920,株式会社くすりの窓口,17,2025-06-12,3170.0,3115.0,2024-08-05,2025-06-12,3.05
65800,株式会社ライトアップ,1,2024-11-15,1259.0,1113.0,2024-08-05,2025-06-17,3.09
65800,株式会社ライトアップ,2,2024-11-18,1439.0,1259.0,2024-08-05,2025-06-17,3.09
65800,株式会社ライトアップ,3,2024-12-24,1460.0,1439.0,2024-08-05,2025-06-17,3.09
65800,株式会社ライトアップ,4,2024-12-30,1488.0,1460.0,2024-08-05,2025-06-17,3.09
65800,株式会社ライトアップ,5,2025-01-06,1572.0,1488.0,2024-08-05,2025-06-17,3.09
65800,株式会社ライトアップ,6,2025-02-05,1595.0,1572.0,2024-08-05,2025-06-17,3.09
65800,株式会社ライトアップ,7,2025-02-06,1644.0,1595.0,2024-08-05,2025-06-17,3.09
65800,株式会社ライトアップ,8,2025-02-12,1660.0,1644.0,2024-08-05,2025-06-17,3.09
65800,株式会社ライトアップ,9,2025-02-13,1662.0,1660.0,2024-08-05,2025-06-17,3.09
65800,株式会社ライトアップ,10,2025-02-14,1679.0,1662.0,2024-08-05,2025-06-17,3.09
65800,株式会社ライトアップ,11,2025-02-17,1790.0,1679.0,2024-08-05,2025-06-17,3.09
65800,株式会社ライトアップ,12,2025-05-29,1815.0,1790.0,2024-08-05,2025-06-17,3.09
65800,株式会社ライトアップ,13,2025-05-30,1874.0,1815.0,2024-08-05,2025-06-17,3.09
65800,株式会社ライトアップ,14,2025-06-02,1910.0,1874.0,2024-08-05,2025-06-17,3.09
65800,株式会社ライトアップ,15,2025-06-10,1920.0,1910.0,2024-08-05,2025-06-17,3.09
65800,株式会社ライトアップ,16,2025-06-13,2000.0,1920.0,2024-08-05,2025-06-17,3.09
65800,株式会社ライトアップ,17,2025-06-16,2050.0,2000.0,2024-08-05,2025-06-17,3.09
65800,株式会社ライトアップ,18,2025-06-17,2347.0,2050.0,2024-08-05,2025-06-17,3.09
73180,セレンディップ・ホールディングス株式会社,1,2023-03-22,891.0,880.0,2024-08-05,2025-06-20,3.11
73180,セレンディップ・ホールディングス株式会社,2,2023-03-28,1020.0,891.0,2024-08-05,2025-06-20,3.11
73180,セレンディップ・ホールディングス株式会社,3,2023-03-29,1320.0,1020.0,2024-08-05,2025-06-20,3.11
73180,セレンディップ・ホールディングス株式会社,4,2023-03-30,1466.0,1320.0,2024-08-05,2025-06-20,3.11
73180,セレンディップ・ホールディングス株式会社,5,2023-08-31,1549.0,1466.0,2024-08-05,2025-06-20,3.11
73180,セレンディップ・ホールディングス株式会社,6,2023-09-04,1677.0,1549.0,2024-08-05,2025-06-20,3.11
73180,セレンディップ・ホールディングス株式会社,7,2023-09-05,1761.0,1677.0,2024-08-05,2025-06-20,3.11
73180,セレンディップ・ホールディングス株式会社,8,2024-01-04,1800.0,1761.0,2024-08-05,2025-06-20,3.11
73180,セレンディップ・ホールディングス株式会社,9,2024-01-22,1872.0,1800.0,2024-08-05,2025-06-20,3.11
73180,セレンディップ・ホールディングス株式会社,10,2024-01-29,1880.0,1872.0,2024-08-05,2025-06-20,3.11
73180,セレンディップ・ホールディングス株式会社,11,2024-02-01,1910.0,1880.0,2024-08-05,2025-06-20,3.11
73180,セレンディップ・ホールディングス株式会社,12,2024-02-02,1955.0,1910.0,2024-08-05,2025-06-20,3.11
73180,セレンディップ・ホールディングス株式会社,13,2024-02-05,2015.0,1955.0,2024-08-05,2025-06-20,3.11
73180,セレンディップ・ホールディングス株式会社,14,2024-02-19,2095.0,2015.0,2024-08-05,2025-06-20,3.11
73180,セレンディップ・ホールディングス株式会社,15,2024-02-21,2176.0,2095.0,2024-08-05,2025-06-20,3.11
73180,セレンディップ・ホールディングス株式会社,16,2024-02-26,2183.0,2176.0,2024-08-05,2025-06-20,3.11
73180,セレンディップ・ホールディングス株式会社,17,2024-02-29,2323.0,2183.0,2024-08-05,2025-06-20,3.11
73180,セレンディップ・ホールディングス株式会社,18,2024-03-04,2394.0,2323.0,2024-08-05,2025-06-20,3.11
73180,セレンディップ・ホールディングス株式会社,19,2024-03-06,2414.0,2394.0,2024-08-05,2025-06-20,3.11
73180,セレンディップ・ホールディングス株式会社,20,2025-05-13,2000.0,1974.0,2024-08-05,2025-06-20,3.11
73180,セレンディップ・ホールディングス株式会社,21,2025-05-19,2224.0,2000.0,2024-08-05,2025-06-20,3.11
73180,セレンディップ・ホールディングス株式会社,22,2025-05-20,2288.0,2224.0,2024-08-05,2025-06-20,3.11
73180,セレンディップ・ホールディングス株式会社,23,2025-05-21,2319.0,2288.0,2024-08-05,2025-06-20,3.11
73180,セレンディップ・ホールディングス株式会社,24,2025-05-22,2559.0,2319.0,2024-08-05,2025-06-20,3.11
73180,セレンディップ・ホールディングス株式会社,25,2025-05-28,2599.0,2559.0,2024-08-05,2025-06-20,3.11
73180,セレンディップ・ホールディングス株式会社,26,2025-06-02,2843.0,2599.0,2024-08-05,2025-06-20,3.11
73180,セレンディップ・ホールディングス株式会社,27,2025-06-04,3000.0,2843.0,2024-08-05,2025-06-20,3.11
73180,セレンディップ・ホールディングス株式会社,28,2025-06-19,3270.0,3000.0,2024-08-05,2025-06-20,3.11
73180,セレンディップ・ホールディングス株式会社,29,2025-06-20,3400.0,3270.0,2024-08-05,2025-06-20,3.11
35420,株式会社ベガコーポレーション,1,2023-06-15,660.0,650.0,2024-12-25,2025-06-27,3.04
35420,株式会社ベガコーポレーション,2,2023-06-19,688.0,660.0,2024-12-25,2025-06-27,3.04
35420,株式会社ベガコーポレーション,3,2023-07-28,699.0,688.0,2024-12-25,2025-06-27,3.04
35420,株式会社ベガコーポレーション,4,2023-08-14,745.0,699.0,2024-12-25,2025-06-27,3.04
35420,株式会社ベガコーポレーション,5,2024-02-16,819.0,745.0,2024-12-25,2025-06-27,3.04
35420,株式会社ベガコーポレーション,6,2024-02-19,930.0,819.0,2024-12-25,2025-06-27,3.04
35420,株式会社ベガコーポレーション,7,2024-02-27,996.0,930.0,2024-12-25,2025-06-27,3.04
35420,株式会社ベガコーポレーション,8,2024-02-28,999.0,996.0,2024-12-25,2025-06-27,3.04
35420,株式会社ベガコーポレーション,9,2024-03-04,1021.0,999.0,2024-12-25,2025-06-27,3.04
35420,株式会社ベガコーポレーション,10,2024-03-07,1075.0,1021.0,2024-12-25,2025-06-27,3.04
35420,株式会社ベガコーポレーション,11,2024-03-08,1312.0,1075.0,2024-12-25,2025-06-27,3.04
35420,株式会社ベガコーポレーション,12,2025-04-14,1093.0,1000.0,2024-12-25,2025-06-27,3.04
35420,株式会社ベガコーポレーション,13,2025-04-28,1119.0,1093.0,2024-12-25,2025-06-27,3.04
35420,株式会社ベガコーポレーション,14,2025-04-30,1200.0,1119.0,2024-12-25,2025-06-27,3.04
35420,株式会社ベガコーポレーション,15,2025-06-04,1360.0,1200.0,2024-12-25,2025-06-27,3.04
35420,株式会社ベガコーポレーション,16,2025-06-09,1370.0,1360.0,2024-12-25,2025-06-27,3.04
35420,株式会社ベガコーポレーション,17,2025-06-10,1397.0,1370.0,2024-12-25,2025-06-27,3.04
35420,株式会社ベガコーポレーション,18,2025-06-11,1404.0,1397.0,2024-12-25,2025-06-27,3.04
35420,株式会社ベガコーポレーション,19,2025-06-12,1425.0,1404.0,2024-12-25,2025-06-27,3.04
35420,株式会社ベガコーポレーション,20,2025-06-16,1451.0,1425.0,2024-12-25,2025-06-27,3.04
35420,株式会社ベガコーポレーション,21,2025-06-18,1475.0,1451.0,2024-12-25,2025-06-27,3.04
35420,株式会社ベガコーポレーション,22,2025-06-19,1544.0,1475.0,2024-12-25,2025-06-27,3.04
35420,株式会社ベガコーポレーション,23,2025-06-20,1569.0,1544.0,2024-12-25,2025-06-27,3.04
35420,株式会社ベガコーポレーション,24,2025-06-23,1595.0,1569.0,2024-12-25,2025-06-27,3.04
35420,株式会社ベガコーポレーション,25,2025-06-24,1600.0,1595.0,2024-12-25,2025-06-27,3.04
35420,株式会社ベガコーポレーション,26,2025-06-25,1620.0,1600.0,2024-12-25,2025-06-27,3.04
35420,株式会社ベガコーポレーション,27,2025-06-26,1658.0,1620.0,2024-12-25,2025-06-27,3.04
35420,株式会社ベガコーポレーション,28,2025-06-27,1782.0,1658.0,2024-12-25,2025-06-27,3.04
76940,株式会社いつも,1,2023-05-08,1310.0,1271.0,2025-04-07,2025-07-07,3.13
76940,株式会社いつも,2,2025-05-08,755.0,677.0,2025-04-07,2025-07-07,3.13
76940,株式会社いつも,3,2025-05-09,905.0,755.0,2025-04-07,2025-07-07,3.13
76940,株式会社いつも,4,2025-07-04,920.0,905.0,2025-04-07,2025-07-07,3.13
76940,株式会社いつも,5,2025-07-07,995.0,920.0,2025-04-07,2025-07-07,3.13
78060,株式会社ＭＴＧ,1,2023-07-31,1635.0,1633.0,2024-08-05,2025-07-10,3.07
78060,株式会社ＭＴＧ,2,2023-08-01,1645.0,1635.0,2024-08-05,2025-07-10,3.07
78060,株式会社ＭＴＧ,3,2023-08-15,1667.0,1645.0,2024-08-05,2025-07-10,3.07
78060,株式会社ＭＴＧ,4,2023-09-13,1677.0,1667.0,2024-08-05,2025-07-10,3.07
78060,株式会社ＭＴＧ,5,2024-11-12,1848.0,1651.0,2024-08-05,2025-07-10,3.07
78060,株式会社ＭＴＧ,6,2024-11-13,1915.0,1848.0,2024-08-05,2025-07-10,3.07
78060,株式会社ＭＴＧ,7,2024-11-20,1931.0,1915.0,2024-08-05,2025-07-10,3.07
78060,株式会社ＭＴＧ,8,2024-11-27,1998.0,1931.0,2024-08-05,2025-07-10,3.07
78060,株式会社ＭＴＧ,9,2024-12-02,2037.0,1998.0,2024-08-05,2025-07-10,3.07
78060,株式会社ＭＴＧ,10,2024-12-03,2072.0,2037.0,2024-08-05,2025-07-10,3.07
78060,株式会社ＭＴＧ,11,2024-12-04,2127.0,2072.0,2024-08-05,2025-07-10,3.07
78060,株式会社ＭＴＧ,12,2024-12-05,2155.0,2127.0,2024-08-05,2025-07-10,3.07
78060,株式会社ＭＴＧ,13,2024-12-06,2192.0,2155.0,2024-08-05,2025-07-10,3.07
78060,株式会社ＭＴＧ,14,2024-12-11,2239.0,2192.0,2024-08-05,2025-07-10,3.07
78060,株式会社ＭＴＧ,15,2024-12-12,2291.0,2239.0,2024-08-05,2025-07-10,3.07
78060,株式会社ＭＴＧ,16,2025-03-11,2365.0,2291.0,2024-08-05,2025-07-10,3.07
78060,株式会社ＭＴＧ,17,2025-03-12,2478.0,2365.0,2024-08-05,2025-07-10,3.07
78060,株式会社ＭＴＧ,18,2025-03-13,2549.0,2478.0,2024-08-05,2025-07-10,3.07
78060,株式会社ＭＴＧ,19,2025-03-14,2586.0,2549.0,2024-08-05,2025-07-10,3.07
78060,株式会社ＭＴＧ,20,2025-03-17,2664.0,2586.0,2024-08-05,2025-07-10,3.07
78060,株式会社ＭＴＧ,21,2025-03-24,2744.0,2664.0,2024-08-05,2025-07-10,3.07
78060,株式会社ＭＴＧ,22,2025-03-26,2784.0,2744.0,2024-08-05,2025-07-10,3.07
78060,株式会社ＭＴＧ,23,2025-03-27,2838.0,2784.0,2024-08-05,2025-07-10,3.07
78060,株式会社ＭＴＧ,24,2025-04-24,2910.0,2838.0,2024-08-05,2025-07-10,3.07
78060,株式会社ＭＴＧ,25,2025-04-30,2922.0,2910.0,2024-08-05,2025-07-10,3.07
78060,株式会社ＭＴＧ,26,2025-05-01,2935.0,2922.0,2024-08-05,2025-07-10,3.07
78060,株式会社ＭＴＧ,27,2025-05-07,3270.0,2935.0,2024-08-05,2025-07-10,3.07
78060,株式会社ＭＴＧ,28,2025-05-09,3485.0,3270.0,2024-08-05,2025-07-10,3.07
78060,株式会社ＭＴＧ,29,2025-05-13,3505.0,3485.0,2024-08-05,2025-07-10,3.07
78060,株式会社ＭＴＧ,30,2025-05-16,3560.0,3505.0,2024-08-05,2025-07-10,3.07
78060,株式会社ＭＴＧ,31,2025-06-02,3745.0,3560.0,2024-08-05,2025-07-10,3.07
78060,株式会社ＭＴＧ,32,2025-06-04,3800.0,3745.0,2024-08-05,2025-07-10,3.07
78060,株式会社ＭＴＧ,33,2025-06-05,3895.0,3800.0,2024-08-05,2025-07-10,3.07
78060,株式会社ＭＴＧ,34,2025-06-25,4080.0,3895.0,2024-08-05,2025-07-10,3.07
78060,株式会社ＭＴＧ,35,2025-07-09,4190.0,4080.0,2024-08-05,2025-07-10,3.07
78060,株式会社ＭＴＧ,36,2025-07-10,4295.0,4190.0,2024-08-05,2025-07-10,3.07
44120,株式会社サイエンスアーツ,1,2025-03-04,755.0,745.0,2024-08-05,2025-07-10,3.02
44120,株式会社サイエンスアーツ,2,2025-03-21,759.0,755.0,2024-08-05,2025-07-10,3.02
44120,株式会社サイエンスアーツ,3,2025-03-24,764.0,759.0,2024-08-05,2025-07-10,3.02
44120,株式会社サイエンスアーツ,4,2025-03-28,800.0,764.0,2024-08-05,2025-07-10,3.02
44120,株式会社サイエンスアーツ,5,2025-04-01,840.0,800.0,2024-08-05,2025-07-10,3.02
44120,株式会社サイエンスアーツ,6,2025-04-02,845.0,840.0,2024-08-05,2025-07-10,3.02
44120,株式会社サイエンスアーツ,7,2025-04-03,854.0,845.0,2024-08-05,2025-07-10,3.02
44120,株式会社サイエンスアーツ,8,2025-04-15,867.0,854.0,2024-08-05,2025-07-10,3.02
44120,株式会社サイエンスアーツ,9,2025-04-21,928.0,867.0,2024-08-05,2025-07-10,3.02
44120,株式会社サイエンスアーツ,10,2025-05-14,989.0,928.0,2024-08-05,2025-07-10,3.02
44120,株式会社サイエンスアーツ,11,2025-05-15,1052.0,989.0,2024-08-05,2025-07-10,3.02
44120,株式会社サイエンスアーツ,12,2025-05-19,1060.0,1052.0,2024-08-05,2025-07-10,3.02
44120,株式会社サイエンスアーツ,13,2025-05-20,1113.0,1060.0,2024-08-05,2025-07-10,3.02
44120,株式会社サイエンスアーツ,14,2025-05-28,1128.0,1113.0,2024-08-05,2025-07-10,3.02
44120,株式会社サイエンスアーツ,15,2025-05-30,1164.0,1128.0,2024-08-05,2025-07-10,3.02
44120,株式会社サイエンスアーツ,16,2025-06-02,1224.0,1164.0,2024-08-05,2025-07-10,3.02
44120,株式会社サイエンスアーツ,17,2025-07-10,1241.0,1224.0,2024-08-05,2025-07-10,3.02
95560,ＩＮＴＬＯＯＰ株式会社,1,2024-10-16,5630.0,5600.0,2024-08-05,2025-07-24,3.04
95560,ＩＮＴＬＯＯＰ株式会社,2,2024-10-31,5650.0,5630.0,2024-08-05,2025-07-24,3.04
95560,ＩＮＴＬＯＯＰ株式会社,3,2024-11-01,5700.0,5650.0,2024-08-05,2025-07-24,3.04
95560,ＩＮＴＬＯＯＰ株式会社,4,2024-11-06,5740.0,5700.0,2024-08-05,2025-07-24,3.04
95560,ＩＮＴＬＯＯＰ株式会社,5,2024-11-07,5830.0,5740.0,2024-08-05,2025-07-24,3.04
95560,ＩＮＴＬＯＯＰ株式会社,6,2024-11-08,6060.0,5830.0,2024-08-05,2025-07-24,3.04
95560,ＩＮＴＬＯＯＰ株式会社,7,2024-11-11,6080.0,6060.0,2024-08-05,2025-07-24,3.04
95560,ＩＮＴＬＯＯＰ株式会社,8,2024-11-12,6240.0,6080.0,2024-08-05,2025-07-24,3.04
95560,ＩＮＴＬＯＯＰ株式会社,9,2024-12-13,6410.0,6240.0,2024-08-05,2025-07-24,3.04
95560,ＩＮＴＬＯＯＰ株式会社,10,2024-12-16,6600.0,6410.0,2024-08-05,2025-07-24,3.04
95560,ＩＮＴＬＯＯＰ株式会社,11,2024-12-23,6740.0,6600.0,2024-08-05,2025-07-24,3.04
95560,ＩＮＴＬＯＯＰ株式会社,12,2024-12-24,6780.0,6740.0,2024-08-05,2025-07-24,3.04
95560,ＩＮＴＬＯＯＰ株式会社,13,2025-07-04,6860.0,6780.0,2024-08-05,2025-07-24,3.04
95560,ＩＮＴＬＯＯＰ株式会社,14,2025-07-24,7040.0,6860.0,2024-08-05,2025-07-24,3.04
60720,地盤ネットホールディングス株式会社,1,2023-11-28,200.0,154.0,2025-04-07,2026-02-13,4.87
60720,地盤ネットホールディングス株式会社,2,2023-11-29,280.0,200.0,2025-04-07,2026-02-13,4.87
60720,地盤ネットホールディングス株式会社,3,2025-06-18,207.0,196.0,2025-04-07,2026-02-13,4.87
60720,地盤ネットホールディングス株式会社,4,2025-06-19,208.0,207.0,2025-04-07,2026-02-13,4.87
60720,地盤ネットホールディングス株式会社,5,2025-06-24,218.0,208.0,2025-04-07,2026-02-13,4.87
60720,地盤ネットホールディングス株式会社,6,2025-06-25,227.0,218.0,2025-04-07,2026-02-13,4.87
60720,地盤ネットホールディングス株式会社,7,2025-06-26,233.0,227.0,2025-04-07,2026-02-13,4.87
60720,地盤ネットホールディングス株式会社,8,2026-02-10,248.0,233.0,2025-04-07,2026-02-13,4.87
60720,地盤ネットホールディングス株式会社,9,2026-02-12,328.0,248.0,2025-04-07,2026-02-13,4.87
60720,地盤ネットホールディングス株式会社,10,2026-02-13,648.0,328.0,2025-04-07,2026-02-13,4.87
65970,ＨＰＣシステムズ株式会社,1,2024-02-27,2600.0,2360.0,2025-04-07,2026-04-06,3.57
65970,ＨＰＣシステムズ株式会社,2,2024-03-05,2837.0,2600.0,2025-04-07,2026-04-06,3.57
65970,ＨＰＣシステムズ株式会社,3,2025-05-27,1762.0,1554.0,2025-04-07,2026-04-06,3.57
65970,ＨＰＣシステムズ株式会社,4,2025-05-28,1934.0,1762.0,2025-04-07,2026-04-06,3.57
65970,ＨＰＣシステムズ株式会社,5,2025-06-17,1937.0,1934.0,2025-04-07,2026-04-06,3.57
65970,ＨＰＣシステムズ株式会社,6,2025-06-19,2138.0,1937.0,2025-04-07,2026-04-06,3.57
65970,ＨＰＣシステムズ株式会社,7,2025-06-20,2230.0,2138.0,2025-04-07,2026-04-06,3.57
65970,ＨＰＣシステムズ株式会社,8,2025-09-22,2270.0,2230.0,2025-04-07,2026-04-06,3.57
65970,ＨＰＣシステムズ株式会社,9,2025-09-24,2339.0,2270.0,2025-04-07,2026-04-06,3.57
65970,ＨＰＣシステムズ株式会社,10,2026-04-03,2598.0,2339.0,2025-04-07,2026-04-06,3.57
65970,ＨＰＣシステムズ株式会社,11,2026-04-06,3390.0,2598.0,2025-04-07,2026-04-06,3.57
77770,株式会社スリー・ディー・マトリックス,1,2025-01-06,172.0,169.0,2024-10-25,2025-09-16,3.43
77770,株式会社スリー・ディー・マトリックス,2,2025-01-07,175.0,172.0,2024-10-25,2025-09-16,3.43
77770,株式会社スリー・ディー・マトリックス,3,2025-01-10,178.0,175.0,2024-10-25,2025-09-16,3.43
77770,株式会社スリー・ディー・マトリックス,4,2025-02-19,185.0,178.0,2024-10-25,2025-09-16,3.43
77770,株式会社スリー・ディー・マトリックス,5,2025-02-25,190.0,185.0,2024-10-25,2025-09-16,3.43
77770,株式会社スリー・ディー・マトリックス,6,2025-06-13,210.0,190.0,2024-10-25,2025-09-16,3.43
77770,株式会社スリー・ディー・マトリックス,7,2025-06-16,256.0,210.0,2024-10-25,2025-09-16,3.43
77770,株式会社スリー・ディー・マトリックス,8,2025-06-17,277.0,256.0,2024-10-25,2025-09-16,3.43
77770,株式会社スリー・ディー・マトリックス,9,2025-06-18,282.0,277.0,2024-10-25,2025-09-16,3.43
77770,株式会社スリー・ディー・マトリックス,10,2025-06-25,283.0,282.0,2024-10-25,2025-09-16,3.43
77770,株式会社スリー・ディー・マトリックス,11,2025-09-12,290.0,283.0,2024-10-25,2025-09-16,3.43
77770,株式会社スリー・ディー・マトリックス,12,2025-09-16,343.0,290.0,2024-10-25,2025-09-16,3.43
50310,モイ株式会社,1,2025-09-11,320.0,313.0,2025-07-03,2026-05-22,3.33
50310,モイ株式会社,2,2025-12-10,325.0,320.0,2025-07-03,2026-05-22,3.33
50310,モイ株式会社,3,2025-12-11,380.0,325.0,2025-07-03,2026-05-22,3.33
50310,モイ株式会社,4,2026-05-21,437.0,380.0,2025-07-03,2026-05-22,3.33
50310,モイ株式会社,5,2026-05-22,747.0,437.0,2025-07-03,2026-05-22,3.33
155A0,株式会社情報戦略テクノロジー,1,2025-07-23,616.0,605.0,2025-04-07,2025-08-01,3.31
155A0,株式会社情報戦略テクノロジー,2,2025-07-29,669.0,616.0,2025-04-07,2025-08-01,3.31
155A0,株式会社情報戦略テクノロジー,3,2025-07-30,769.0,669.0,2025-04-07,2025-08-01,3.31
155A0,株式会社情報戦略テクノロジー,4,2025-07-31,869.0,769.0,2025-04-07,2025-08-01,3.31
155A0,株式会社情報戦略テクノロジー,5,2025-08-01,1019.0,869.0,2025-04-07,2025-08-01,3.31
92410,株式会社フューチャーリンクネットワーク,1,2023-06-08,1671.0,1575.0,2025-01-15,2025-08-01,3.28
92410,株式会社フューチャーリンクネットワーク,2,2023-06-09,1840.0,1671.0,2025-01-15,2025-08-01,3.28
92410,株式会社フューチャーリンクネットワーク,3,2023-06-12,1930.0,1840.0,2025-01-15,2025-08-01,3.28
92410,株式会社フューチャーリンクネットワーク,4,2023-06-13,2120.0,1930.0,2025-01-15,2025-08-01,3.28
92410,株式会社フューチャーリンクネットワーク,5,2023-09-12,2149.0,2120.0,2025-01-15,2025-08-01,3.28
92410,株式会社フューチャーリンクネットワーク,6,2023-09-13,2394.0,2149.0,2025-01-15,2025-08-01,3.28
92410,株式会社フューチャーリンクネットワーク,7,2023-09-14,2894.0,2394.0,2025-01-15,2025-08-01,3.28
92410,株式会社フューチャーリンクネットワーク,8,2025-05-21,2150.0,2087.0,2025-01-15,2025-08-01,3.28
92410,株式会社フューチャーリンクネットワーク,9,2025-07-28,2365.0,2150.0,2025-01-15,2025-08-01,3.28
92410,株式会社フューチャーリンクネットワーク,10,2025-07-29,2855.0,2365.0,2025-01-15,2025-08-01,3.28
92410,株式会社フューチャーリンクネットワーク,11,2025-07-31,3275.0,2855.0,2025-01-15,2025-08-01,3.28
92410,株式会社フューチャーリンクネットワーク,12,2025-08-01,3670.0,3275.0,2025-01-15,2025-08-01,3.28
70840,株式会社Ｓｍｉｌｅ　Ｈｏｌｄｉｎｇｓ,1,2023-01-10,1301.0,1230.0,2024-12-26,2025-09-02,3.24
70840,株式会社Ｓｍｉｌｅ　Ｈｏｌｄｉｎｇｓ,2,2025-02-26,1049.0,999.0,2024-12-26,2025-09-02,3.24
70840,株式会社Ｓｍｉｌｅ　Ｈｏｌｄｉｎｇｓ,3,2025-02-27,1349.0,1049.0,2024-12-26,2025-09-02,3.24
70840,株式会社Ｓｍｉｌｅ　Ｈｏｌｄｉｎｇｓ,4,2025-02-28,1723.0,1349.0,2024-12-26,2025-09-02,3.24
70840,株式会社Ｓｍｉｌｅ　Ｈｏｌｄｉｎｇｓ,5,2025-05-19,1789.0,1723.0,2024-12-26,2025-09-02,3.24
70840,株式会社Ｓｍｉｌｅ　Ｈｏｌｄｉｎｇｓ,6,2025-05-20,1850.0,1789.0,2024-12-26,2025-09-02,3.24
70840,株式会社Ｓｍｉｌｅ　Ｈｏｌｄｉｎｇｓ,7,2025-07-14,1857.0,1850.0,2024-12-26,2025-09-02,3.24
70840,株式会社Ｓｍｉｌｅ　Ｈｏｌｄｉｎｇｓ,8,2025-07-28,1898.0,1857.0,2024-12-26,2025-09-02,3.24
70840,株式会社Ｓｍｉｌｅ　Ｈｏｌｄｉｎｇｓ,9,2025-07-29,1899.0,1898.0,2024-12-26,2025-09-02,3.24
70840,株式会社Ｓｍｉｌｅ　Ｈｏｌｄｉｎｇｓ,10,2025-07-30,1900.0,1899.0,2024-12-26,2025-09-02,3.24
70840,株式会社Ｓｍｉｌｅ　Ｈｏｌｄｉｎｇｓ,11,2025-07-31,1948.0,1900.0,2024-12-26,2025-09-02,3.24
70840,株式会社Ｓｍｉｌｅ　Ｈｏｌｄｉｎｇｓ,12,2025-08-01,1969.0,1948.0,2024-12-26,2025-09-02,3.24
70840,株式会社Ｓｍｉｌｅ　Ｈｏｌｄｉｎｇｓ,13,2025-08-06,1987.0,1969.0,2024-12-26,2025-09-02,3.24
70840,株式会社Ｓｍｉｌｅ　Ｈｏｌｄｉｎｇｓ,14,2025-08-13,1988.0,1987.0,2024-12-26,2025-09-02,3.24
70840,株式会社Ｓｍｉｌｅ　Ｈｏｌｄｉｎｇｓ,15,2025-08-15,2035.0,1988.0,2024-12-26,2025-09-02,3.24
70840,株式会社Ｓｍｉｌｅ　Ｈｏｌｄｉｎｇｓ,16,2025-08-18,2065.0,2035.0,2024-12-26,2025-09-02,3.24
70840,株式会社Ｓｍｉｌｅ　Ｈｏｌｄｉｎｇｓ,17,2025-08-20,2069.0,2065.0,2024-12-26,2025-09-02,3.24
70840,株式会社Ｓｍｉｌｅ　Ｈｏｌｄｉｎｇｓ,18,2025-08-21,2100.0,2069.0,2024-12-26,2025-09-02,3.24
70840,株式会社Ｓｍｉｌｅ　Ｈｏｌｄｉｎｇｓ,19,2025-08-22,2101.0,2100.0,2024-12-26,2025-09-02,3.24
70840,株式会社Ｓｍｉｌｅ　Ｈｏｌｄｉｎｇｓ,20,2025-08-25,2147.0,2101.0,2024-12-26,2025-09-02,3.24
70840,株式会社Ｓｍｉｌｅ　Ｈｏｌｄｉｎｇｓ,21,2025-08-26,2148.0,2147.0,2024-12-26,2025-09-02,3.24
70840,株式会社Ｓｍｉｌｅ　Ｈｏｌｄｉｎｇｓ,22,2025-08-27,2149.0,2148.0,2024-12-26,2025-09-02,3.24
70840,株式会社Ｓｍｉｌｅ　Ｈｏｌｄｉｎｇｓ,23,2025-08-28,2196.0,2149.0,2024-12-26,2025-09-02,3.24
70840,株式会社Ｓｍｉｌｅ　Ｈｏｌｄｉｎｇｓ,24,2025-08-29,2219.0,2196.0,2024-12-26,2025-09-02,3.24
70840,株式会社Ｓｍｉｌｅ　Ｈｏｌｄｉｎｇｓ,25,2025-09-01,2259.0,2219.0,2024-12-26,2025-09-02,3.24
70840,株式会社Ｓｍｉｌｅ　Ｈｏｌｄｉｎｇｓ,26,2025-09-02,2470.0,2259.0,2024-12-26,2025-09-02,3.24
92710,株式会社和心,1,2023-08-24,655.0,649.0,2025-04-07,2025-10-30,3.21
92710,株式会社和心,2,2024-08-23,699.0,655.0,2025-04-07,2025-10-30,3.21
92710,株式会社和心,3,2024-08-26,742.0,699.0,2025-04-07,2025-10-30,3.21
92710,株式会社和心,4,2025-08-18,762.0,742.0,2025-04-07,2025-10-30,3.21
92710,株式会社和心,5,2025-08-19,910.0,762.0,2025-04-07,2025-10-30,3.21
92710,株式会社和心,6,2025-08-25,957.0,910.0,2025-04-07,2025-10-30,3.21
92710,株式会社和心,7,2025-09-18,965.0,957.0,2025-04-07,2025-10-30,3.21
92710,株式会社和心,8,2025-09-19,976.0,965.0,2025-04-07,2025-10-30,3.21
92710,株式会社和心,9,2025-09-22,979.0,976.0,2025-04-07,2025-10-30,3.21
92710,株式会社和心,10,2025-10-28,1032.0,979.0,2025-04-07,2025-10-30,3.21
92710,株式会社和心,11,2025-10-29,1042.0,1032.0,2025-04-07,2025-10-30,3.21
92710,株式会社和心,12,2025-10-30,1119.0,1042.0,2025-04-07,2025-10-30,3.21
61660,株式会社中村超硬,1,2026-01-19,469.0,395.0,2025-12-11,2026-01-20,3.19
61660,株式会社中村超硬,2,2026-01-20,789.0,469.0,2025-12-11,2026-01-20,3.19
280A0,株式会社ＴＭＨ,1,2026-05-12,1835.0,1770.0,2025-12-02,2026-05-26,3.19
280A0,株式会社ＴＭＨ,2,2026-05-22,2112.0,1835.0,2025-12-02,2026-05-26,3.19
280A0,株式会社ＴＭＨ,3,2026-05-25,2320.0,2112.0,2025-12-02,2026-05-26,3.19
280A0,株式会社ＴＭＨ,4,2026-05-26,2820.0,2320.0,2025-12-02,2026-05-26,3.19
194A0,株式会社ＷＯＬＶＥＳ　ＨＡＮＤ,1,2025-09-29,1116.0,1100.0,2025-04-07,2025-11-12,3.15
194A0,株式会社ＷＯＬＶＥＳ　ＨＡＮＤ,2,2025-10-03,1144.0,1116.0,2025-04-07,2025-11-12,3.15
194A0,株式会社ＷＯＬＶＥＳ　ＨＡＮＤ,3,2025-10-06,1198.0,1144.0,2025-04-07,2025-11-12,3.15
194A0,株式会社ＷＯＬＶＥＳ　ＨＡＮＤ,4,2025-10-14,1216.0,1198.0,2025-04-07,2025-11-12,3.15
194A0,株式会社ＷＯＬＶＥＳ　ＨＡＮＤ,5,2025-10-17,1249.0,1216.0,2025-04-07,2025-11-12,3.15
194A0,株式会社ＷＯＬＶＥＳ　ＨＡＮＤ,6,2025-10-20,1364.0,1249.0,2025-04-07,2025-11-12,3.15
194A0,株式会社ＷＯＬＶＥＳ　ＨＡＮＤ,7,2025-10-21,1512.0,1364.0,2025-04-07,2025-11-12,3.15
194A0,株式会社ＷＯＬＶＥＳ　ＨＡＮＤ,8,2025-10-24,1649.0,1512.0,2025-04-07,2025-11-12,3.15
194A0,株式会社ＷＯＬＶＥＳ　ＨＡＮＤ,9,2025-10-27,1669.0,1649.0,2025-04-07,2025-11-12,3.15
194A0,株式会社ＷＯＬＶＥＳ　ＨＡＮＤ,10,2025-11-12,1786.0,1669.0,2025-04-07,2025-11-12,3.15
55320,株式会社リアルゲイト,1,2024-07-18,2417.0,2350.0,2025-04-07,2025-08-18,3.11
55320,株式会社リアルゲイト,2,2024-12-19,2448.0,2417.0,2025-04-07,2025-08-18,3.11
55320,株式会社リアルゲイト,3,2024-12-23,2479.0,2448.0,2025-04-07,2025-08-18,3.11
55320,株式会社リアルゲイト,4,2024-12-24,2480.0,2479.0,2025-04-07,2025-08-18,3.11
55320,株式会社リアルゲイト,5,2024-12-26,2487.0,2480.0,2025-04-07,2025-08-18,3.11
55320,株式会社リアルゲイト,6,2024-12-30,2518.0,2487.0,2025-04-07,2025-08-18,3.11
55320,株式会社リアルゲイト,7,2025-01-06,2520.0,2518.0,2025-04-07,2025-08-18,3.11
55320,株式会社リアルゲイト,8,2025-01-08,2564.0,2520.0,2025-04-07,2025-08-18,3.11
55320,株式会社リアルゲイト,9,2025-01-09,2640.0,2564.0,2025-04-07,2025-08-18,3.11
55320,株式会社リアルゲイト,10,2025-01-10,2650.0,2640.0,2025-04-07,2025-08-18,3.11
55320,株式会社リアルゲイト,11,2025-01-14,2700.0,2650.0,2025-04-07,2025-08-18,3.11
55320,株式会社リアルゲイト,12,2025-01-16,2750.0,2700.0,2025-04-07,2025-08-18,3.11
55320,株式会社リアルゲイト,13,2025-01-22,2875.0,2750.0,2025-04-07,2025-08-18,3.11
55320,株式会社リアルゲイト,14,2025-01-23,2904.0,2875.0,2025-04-07,2025-08-18,3.11
55320,株式会社リアルゲイト,15,2025-08-15,3040.0,2904.0,2025-04-07,2025-08-18,3.11
55320,株式会社リアルゲイト,16,2025-08-18,3220.0,3040.0,2025-04-07,2025-08-18,3.11
41700,株式会社Ｋａｉｚｅｎ　Ｐｌａｔｆｏｒｍ,1,2026-08-26,302.0,242.0,2026-06-16,2026-08-26,3.11
44180,株式会社ＪＤＳＣ,1,2023-05-24,1087.0,1078.0,2025-04-07,2025-10-23,3.1
44180,株式会社ＪＤＳＣ,2,2023-05-25,1135.0,1087.0,2025-04-07,2025-10-23,3.1
44180,株式会社ＪＤＳＣ,3,2023-05-26,1147.0,1135.0,2025-04-07,2025-10-23,3.1
44180,株式会社ＪＤＳＣ,4,2023-05-29,1166.0,1147.0,2025-04-07,2025-10-23,3.1
44180,株式会社ＪＤＳＣ,5,2023-05-31,1217.0,1166.0,2025-04-07,2025-10-23,3.1
44180,株式会社ＪＤＳＣ,6,2023-06-01,1226.0,1217.0,2025-04-07,2025-10-23,3.1
44180,株式会社ＪＤＳＣ,7,2023-06-06,1303.0,1226.0,2025-04-07,2025-10-23,3.1
44180,株式会社ＪＤＳＣ,8,2023-09-25,1376.0,1303.0,2025-04-07,2025-10-23,3.1
44180,株式会社ＪＤＳＣ,9,2023-09-26,1429.0,1376.0,2025-04-07,2025-10-23,3.1
44180,株式会社ＪＤＳＣ,10,2023-09-27,1489.0,1429.0,2025-04-07,2025-10-23,3.1
44180,株式会社ＪＤＳＣ,11,2024-12-12,1139.0,1118.0,2025-04-07,2025-10-23,3.1
44180,株式会社ＪＤＳＣ,12,2024-12-13,1157.0,1139.0,2025-04-07,2025-10-23,3.1
44180,株式会社ＪＤＳＣ,13,2025-06-11,1174.0,1157.0,2025-04-07,2025-10-23,3.1
44180,株式会社ＪＤＳＣ,14,2025-06-12,1179.0,1174.0,2025-04-07,2025-10-23,3.1
44180,株式会社ＪＤＳＣ,15,2025-06-16,1194.0,1179.0,2025-04-07,2025-10-23,3.1
44180,株式会社ＪＤＳＣ,16,2025-06-17,1204.0,1194.0,2025-04-07,2025-10-23,3.1
44180,株式会社ＪＤＳＣ,17,2025-06-18,1205.0,1204.0,2025-04-07,2025-10-23,3.1
44180,株式会社ＪＤＳＣ,18,2025-06-19,1215.0,1205.0,2025-04-07,2025-10-23,3.1
44180,株式会社ＪＤＳＣ,19,2025-06-24,1238.0,1215.0,2025-04-07,2025-10-23,3.1
44180,株式会社ＪＤＳＣ,20,2025-06-25,1248.0,1238.0,2025-04-07,2025-10-23,3.1
44180,株式会社ＪＤＳＣ,21,2025-08-05,1264.0,1248.0,2025-04-07,2025-10-23,3.1
44180,株式会社ＪＤＳＣ,22,2025-08-07,1288.0,1264.0,2025-04-07,2025-10-23,3.1
44180,株式会社ＪＤＳＣ,23,2025-10-21,1381.0,1288.0,2025-04-07,2025-10-23,3.1
44180,株式会社ＪＤＳＣ,24,2025-10-22,1681.0,1381.0,2025-04-07,2025-10-23,3.1
44180,株式会社ＪＤＳＣ,25,2025-10-23,1946.0,1681.0,2025-04-07,2025-10-23,3.1
157A0,グリーンモンスター株式会社,1,2025-11-17,762.0,716.0,2025-04-04,2026-01-21,3.1
157A0,グリーンモンスター株式会社,2,2025-11-18,912.0,762.0,2025-04-04,2026-01-21,3.1
157A0,グリーンモンスター株式会社,3,2025-11-19,1062.0,912.0,2025-04-04,2026-01-21,3.1
157A0,グリーンモンスター株式会社,4,2025-11-20,1199.0,1062.0,2025-04-04,2026-01-21,3.1
157A0,グリーンモンスター株式会社,5,2026-01-20,1288.0,1199.0,2025-04-04,2026-01-21,3.1
157A0,グリーンモンスター株式会社,6,2026-01-21,1380.0,1288.0,2025-04-04,2026-01-21,3.1
14010,株式会社エムビーエス,1,2023-07-21,574.0,526.0,2025-04-09,2026-01-20,3.08
14010,株式会社エムビーエス,2,2023-11-16,575.0,574.0,2025-04-09,2026-01-20,3.08
14010,株式会社エムビーエス,3,2023-11-17,579.0,575.0,2025-04-09,2026-01-20,3.08
14010,株式会社エムビーエス,4,2023-11-20,593.0,579.0,2025-04-09,2026-01-20,3.08
14010,株式会社エムビーエス,5,2023-11-21,630.0,593.0,2025-04-09,2026-01-20,3.08
14010,株式会社エムビーエス,6,2023-11-22,636.0,630.0,2025-04-09,2026-01-20,3.08
14010,株式会社エムビーエス,7,2024-01-15,638.0,636.0,2025-04-09,2026-01-20,3.08
14010,株式会社エムビーエス,8,2024-01-16,655.0,638.0,2025-04-09,2026-01-20,3.08
14010,株式会社エムビーエス,9,2024-01-25,688.0,655.0,2025-04-09,2026-01-20,3.08
14010,株式会社エムビーエス,10,2024-01-29,727.0,688.0,2025-04-09,2026-01-20,3.08
14010,株式会社エムビーエス,11,2024-01-30,767.0,727.0,2025-04-09,2026-01-20,3.08
14010,株式会社エムビーエス,12,2024-02-06,798.0,767.0,2025-04-09,2026-01-20,3.08
14010,株式会社エムビーエス,13,2024-02-07,829.0,798.0,2025-04-09,2026-01-20,3.08
14010,株式会社エムビーエス,14,2024-02-08,835.0,829.0,2025-04-09,2026-01-20,3.08
14010,株式会社エムビーエス,15,2024-10-01,895.0,835.0,2025-04-09,2026-01-20,3.08
14010,株式会社エムビーエス,16,2025-06-09,900.0,895.0,2025-04-09,2026-01-20,3.08
14010,株式会社エムビーエス,17,2025-06-10,949.0,900.0,2025-04-09,2026-01-20,3.08
14010,株式会社エムビーエス,18,2025-06-11,960.0,949.0,2025-04-09,2026-01-20,3.08
14010,株式会社エムビーエス,19,2025-06-12,964.0,960.0,2025-04-09,2026-01-20,3.08
14010,株式会社エムビーエス,20,2025-06-16,1100.0,964.0,2025-04-09,2026-01-20,3.08
14010,株式会社エムビーエス,21,2025-06-17,1400.0,1100.0,2025-04-09,2026-01-20,3.08
14010,株式会社エムビーエス,22,2025-06-18,1660.0,1400.0,2025-04-09,2026-01-20,3.08
14010,株式会社エムビーエス,23,2026-01-19,1682.0,1660.0,2025-04-09,2026-01-20,3.08
14010,株式会社エムビーエス,24,2026-01-20,1847.0,1682.0,2025-04-09,2026-01-20,3.08
92560,株式会社サクシード,1,2023-11-09,1050.0,1042.0,2026-04-28,2026-05-22,3.08
92560,株式会社サクシード,2,2024-03-05,1308.0,1050.0,2026-04-28,2026-05-22,3.08
92560,株式会社サクシード,3,2024-03-06,1608.0,1308.0,2026-04-28,2026-05-22,3.08
92560,株式会社サクシード,4,2024-03-07,1825.0,1608.0,2026-04-28,2026-05-22,3.08
92560,株式会社サクシード,5,2026-05-12,984.0,955.0,2026-04-28,2026-05-22,3.08
92560,株式会社サクシード,6,2026-05-13,1124.0,984.0,2026-04-28,2026-05-22,3.08
92560,株式会社サクシード,7,2026-05-14,1424.0,1124.0,2026-04-28,2026-05-22,3.08
92560,株式会社サクシード,8,2026-05-15,1724.0,1424.0,2026-04-28,2026-05-22,3.08
92560,株式会社サクシード,9,2026-05-18,2000.0,1724.0,2026-04-28,2026-05-22,3.08
92560,株式会社サクシード,10,2026-05-19,2042.0,2000.0,2026-04-28,2026-05-22,3.08
92560,株式会社サクシード,11,2026-05-20,2050.0,2042.0,2026-04-28,2026-05-22,3.08
92560,株式会社サクシード,12,2026-05-21,2208.0,2050.0,2026-04-28,2026-05-22,3.08
92560,株式会社サクシード,13,2026-05-22,2377.0,2208.0,2026-04-28,2026-05-22,3.08
55780,ＡＲアドバンストテクノロジ株式会社,1,2025-07-10,2199.0,2120.0,2024-10-25,2025-09-25,3.07
55780,ＡＲアドバンストテクノロジ株式会社,2,2025-07-11,2247.0,2199.0,2024-10-25,2025-09-25,3.07
55780,ＡＲアドバンストテクノロジ株式会社,3,2025-07-14,2722.0,2247.0,2024-10-25,2025-09-25,3.07
55780,ＡＲアドバンストテクノロジ株式会社,4,2025-07-15,2800.0,2722.0,2024-10-25,2025-09-25,3.07
55780,ＡＲアドバンストテクノロジ株式会社,5,2025-07-28,2893.0,2800.0,2024-10-25,2025-09-25,3.07
55780,ＡＲアドバンストテクノロジ株式会社,6,2025-07-31,2922.0,2893.0,2024-10-25,2025-09-25,3.07
55780,ＡＲアドバンストテクノロジ株式会社,7,2025-08-01,2970.0,2922.0,2024-10-25,2025-09-25,3.07
55780,ＡＲアドバンストテクノロジ株式会社,8,2025-08-04,2990.0,2970.0,2024-10-25,2025-09-25,3.07
55780,ＡＲアドバンストテクノロジ株式会社,9,2025-09-16,3070.0,2990.0,2024-10-25,2025-09-25,3.07
55780,ＡＲアドバンストテクノロジ株式会社,10,2025-09-17,3290.0,3070.0,2024-10-25,2025-09-25,3.07
55780,ＡＲアドバンストテクノロジ株式会社,11,2025-09-24,3295.0,3290.0,2024-10-25,2025-09-25,3.07
55780,ＡＲアドバンストテクノロジ株式会社,12,2025-09-25,3425.0,3295.0,2024-10-25,2025-09-25,3.07
42590,株式会社エクサウィザーズ,1,2023-06-06,660.0,611.0,2025-04-07,2025-11-12,3.06
42590,株式会社エクサウィザーズ,2,2023-06-07,663.0,660.0,2025-04-07,2025-11-12,3.06
42590,株式会社エクサウィザーズ,3,2023-06-19,667.0,663.0,2025-04-07,2025-11-12,3.06
42590,株式会社エクサウィザーズ,4,2023-06-21,685.0,667.0,2025-04-07,2025-11-12,3.06
42590,株式会社エクサウィザーズ,5,2023-06-22,690.0,685.0,2025-04-07,2025-11-12,3.06
42590,株式会社エクサウィザーズ,6,2025-08-14,574.0,541.0,2025-04-07,2025-11-12,3.06
42590,株式会社エクサウィザーズ,7,2025-09-19,582.0,574.0,2025-04-07,2025-11-12,3.06
42590,株式会社エクサウィザーズ,8,2025-10-06,585.0,582.0,2025-04-07,2025-11-12,3.06
42590,株式会社エクサウィザーズ,9,2025-10-07,608.0,585.0,2025-04-07,2025-11-12,3.06
42590,株式会社エクサウィザーズ,10,2025-10-08,633.0,608.0,2025-04-07,2025-11-12,3.06
42590,株式会社エクサウィザーズ,11,2025-10-28,640.0,633.0,2025-04-07,2025-11-12,3.06
42590,株式会社エクサウィザーズ,12,2025-10-31,685.0,640.0,2025-04-07,2025-11-12,3.06
42590,株式会社エクサウィザーズ,13,2025-11-12,743.0,685.0,2025-04-07,2025-11-12,3.06
73750,株式会社リファインバースグループ,1,2025-08-15,912.0,875.0,2025-04-09,2026-04-06,3.06
73750,株式会社リファインバースグループ,2,2025-08-26,928.0,912.0,2025-04-09,2026-04-06,3.06
73750,株式会社リファインバースグループ,3,2025-08-27,932.0,928.0,2025-04-09,2026-04-06,3.06
73750,株式会社リファインバースグループ,4,2025-08-28,949.0,932.0,2025-04-09,2026-04-06,3.06
73750,株式会社リファインバースグループ,5,2025-08-29,969.0,949.0,2025-04-09,2026-04-06,3.06
73750,株式会社リファインバースグループ,6,2025-09-02,1010.0,969.0,2025-04-09,2026-04-06,3.06
73750,株式会社リファインバースグループ,7,2025-09-03,1252.0,1010.0,2025-04-09,2026-04-06,3.06
73750,株式会社リファインバースグループ,8,2026-03-19,1298.0,1252.0,2025-04-09,2026-04-06,3.06
73750,株式会社リファインバースグループ,9,2026-03-26,1387.0,1298.0,2025-04-09,2026-04-06,3.06
73750,株式会社リファインバースグループ,10,2026-03-27,1568.0,1387.0,2025-04-09,2026-04-06,3.06
73750,株式会社リファインバースグループ,11,2026-04-02,1618.0,1568.0,2025-04-09,2026-04-06,3.06
73750,株式会社リファインバースグループ,12,2026-04-03,1881.0,1618.0,2025-04-09,2026-04-06,3.06
73750,株式会社リファインバースグループ,13,2026-04-06,1930.0,1881.0,2025-04-09,2026-04-06,3.06
40750,ブレインズテクノロジー株式会社,1,2023-06-13,1676.0,1471.0,2025-04-09,2026-03-12,3.05
40750,ブレインズテクノロジー株式会社,2,2025-06-16,928.0,877.0,2025-04-09,2026-03-12,3.05
40750,ブレインズテクノロジー株式会社,3,2025-08-22,938.0,928.0,2025-04-09,2026-03-12,3.05
40750,ブレインズテクノロジー株式会社,4,2025-08-25,947.0,938.0,2025-04-09,2026-03-12,3.05
40750,ブレインズテクノロジー株式会社,5,2025-09-08,955.0,947.0,2025-04-09,2026-03-12,3.05
40750,ブレインズテクノロジー株式会社,6,2025-09-09,964.0,955.0,2025-04-09,2026-03-12,3.05
40750,ブレインズテクノロジー株式会社,7,2025-11-26,985.0,964.0,2025-04-09,2026-03-12,3.05
40750,ブレインズテクノロジー株式会社,8,2025-11-27,988.0,985.0,2025-04-09,2026-03-12,3.05
40750,ブレインズテクノロジー株式会社,9,2025-12-11,990.0,988.0,2025-04-09,2026-03-12,3.05
40750,ブレインズテクノロジー株式会社,10,2026-03-09,1126.0,990.0,2025-04-09,2026-03-12,3.05
40750,ブレインズテクノロジー株式会社,11,2026-03-10,1426.0,1126.0,2025-04-09,2026-03-12,3.05
40750,ブレインズテクノロジー株式会社,12,2026-03-11,1616.0,1426.0,2025-04-09,2026-03-12,3.05
40750,ブレインズテクノロジー株式会社,13,2026-03-12,1680.0,1616.0,2025-04-09,2026-03-12,3.05
92700,バリュエンスホールディングス株式会社,1,2025-12-24,1100.0,1086.0,2025-04-07,2026-04-06,3.04
92700,バリュエンスホールディングス株式会社,2,2025-12-25,1240.0,1100.0,2025-04-07,2026-04-06,3.04
92700,バリュエンスホールディングス株式会社,3,2026-01-09,1525.0,1240.0,2025-04-07,2026-04-06,3.04
92700,バリュエンスホールディングス株式会社,4,2026-01-13,1609.0,1525.0,2025-04-07,2026-04-06,3.04
92700,バリュエンスホールディングス株式会社,5,2026-01-14,1875.0,1609.0,2025-04-07,2026-04-06,3.04
92700,バリュエンスホールディングス株式会社,6,2026-01-16,1950.0,1875.0,2025-04-07,2026-04-06,3.04
92700,バリュエンスホールディングス株式会社,7,2026-01-19,1979.0,1950.0,2025-04-07,2026-04-06,3.04
92700,バリュエンスホールディングス株式会社,8,2026-04-03,2012.0,1979.0,2025-04-07,2026-04-06,3.04
92700,バリュエンスホールディングス株式会社,9,2026-04-06,2139.0,2012.0,2025-04-07,2026-04-06,3.04
42550,ＴＨＥＣＯＯ株式会社,1,2024-11-18,765.0,734.0,2024-12-26,2025-11-25,3.03
42550,ＴＨＥＣＯＯ株式会社,2,2024-11-19,800.0,765.0,2024-12-26,2025-11-25,3.03
42550,ＴＨＥＣＯＯ株式会社,3,2024-12-05,845.0,800.0,2024-12-26,2025-11-25,3.03
42550,ＴＨＥＣＯＯ株式会社,4,2025-01-30,877.0,845.0,2024-12-26,2025-11-25,3.03
42550,ＴＨＥＣＯＯ株式会社,5,2025-04-18,938.0,877.0,2024-12-26,2025-11-25,3.03
42550,ＴＨＥＣＯＯ株式会社,6,2025-08-13,970.0,938.0,2024-12-26,2025-11-25,3.03
42550,ＴＨＥＣＯＯ株式会社,7,2025-08-14,1005.0,970.0,2024-12-26,2025-11-25,3.03
42550,ＴＨＥＣＯＯ株式会社,8,2025-08-19,1130.0,1005.0,2024-12-26,2025-11-25,3.03
42550,ＴＨＥＣＯＯ株式会社,9,2025-08-20,1328.0,1130.0,2024-12-26,2025-11-25,3.03
42550,ＴＨＥＣＯＯ株式会社,10,2025-11-14,1461.0,1328.0,2024-12-26,2025-11-25,3.03
42550,ＴＨＥＣＯＯ株式会社,11,2025-11-17,1750.0,1461.0,2024-12-26,2025-11-25,3.03
42550,ＴＨＥＣＯＯ株式会社,12,2025-11-25,1888.0,1750.0,2024-12-26,2025-11-25,3.03
44790,株式会社マクアケ,1,2025-04-23,774.0,724.0,2024-12-25,2025-08-27,3.02
44790,株式会社マクアケ,2,2025-04-24,812.0,774.0,2024-12-25,2025-08-27,3.02
44790,株式会社マクアケ,3,2025-06-05,871.0,812.0,2024-12-25,2025-08-27,3.02
44790,株式会社マクアケ,4,2025-06-06,878.0,871.0,2024-12-25,2025-08-27,3.02
44790,株式会社マクアケ,5,2025-06-09,886.0,878.0,2024-12-25,2025-08-27,3.02
44790,株式会社マクアケ,6,2025-06-11,915.0,886.0,2024-12-25,2025-08-27,3.02
44790,株式会社マクアケ,7,2025-06-12,953.0,915.0,2024-12-25,2025-08-27,3.02
44790,株式会社マクアケ,8,2025-06-19,959.0,953.0,2024-12-25,2025-08-27,3.02
44790,株式会社マクアケ,9,2025-07-25,970.0,959.0,2024-12-25,2025-08-27,3.02
44790,株式会社マクアケ,10,2025-07-28,981.0,970.0,2024-12-25,2025-08-27,3.02
44790,株式会社マクアケ,11,2025-07-30,1054.0,981.0,2024-12-25,2025-08-27,3.02
44790,株式会社マクアケ,12,2025-08-04,1108.0,1054.0,2024-12-25,2025-08-27,3.02
44790,株式会社マクアケ,13,2025-08-05,1137.0,1108.0,2024-12-25,2025-08-27,3.02
44790,株式会社マクアケ,14,2025-08-06,1166.0,1137.0,2024-12-25,2025-08-27,3.02
44790,株式会社マクアケ,15,2025-08-07,1192.0,1166.0,2024-12-25,2025-08-27,3.02
44790,株式会社マクアケ,16,2025-08-27,1345.0,1192.0,2024-12-25,2025-08-27,3.02
45790,ラクオリア創薬株式会社,1,2025-06-04,728.0,720.0,2025-04-07,2025-11-28,3.0
45790,ラクオリア創薬株式会社,2,2025-11-25,738.0,728.0,2025-04-07,2025-11-28,3.0
45790,ラクオリア創薬株式会社,3,2025-11-26,777.0,738.0,2025-04-07,2025-11-28,3.0
45790,ラクオリア創薬株式会社,4,2025-11-27,783.0,777.0,2025-04-07,2025-11-28,3.0
45790,ラクオリア創薬株式会社,5,2025-11-28,904.0,783.0,2025-04-07,2025-11-28,3.0
74090,ＡｅｒｏＥｄｇｅ株式会社,1,2025-06-05,3155.0,2996.0,2024-09-18,2025-08-15,3.0
74090,ＡｅｒｏＥｄｇｅ株式会社,2,2025-06-12,3190.0,3155.0,2024-09-18,2025-08-15,3.0
74090,ＡｅｒｏＥｄｇｅ株式会社,3,2025-06-23,3195.0,3190.0,2024-09-18,2025-08-15,3.0
74090,ＡｅｒｏＥｄｇｅ株式会社,4,2025-06-24,3275.0,3195.0,2024-09-18,2025-08-15,3.0
74090,ＡｅｒｏＥｄｇｅ株式会社,5,2025-07-29,3300.0,3275.0,2024-09-18,2025-08-15,3.0
74090,ＡｅｒｏＥｄｇｅ株式会社,6,2025-07-30,3305.0,3300.0,2024-09-18,2025-08-15,3.0
74090,ＡｅｒｏＥｄｇｅ株式会社,7,2025-07-31,3395.0,3305.0,2024-09-18,2025-08-15,3.0
74090,ＡｅｒｏＥｄｇｅ株式会社,8,2025-08-01,3440.0,3395.0,2024-09-18,2025-08-15,3.0
74090,ＡｅｒｏＥｄｇｅ株式会社,9,2025-08-06,3490.0,3440.0,2024-09-18,2025-08-15,3.0
74090,ＡｅｒｏＥｄｇｅ株式会社,10,2025-08-14,4080.0,3490.0,2024-09-18,2025-08-15,3.0
74090,ＡｅｒｏＥｄｇｅ株式会社,11,2025-08-15,4780.0,4080.0,2024-09-18,2025-08-15,3.0
145A0,株式会社Ｌ　ｉｓ　Ｂ,1,2025-06-27,1019.0,1012.0,2025-04-07,2025-09-02,3.0
145A0,株式会社Ｌ　ｉｓ　Ｂ,2,2025-06-30,1036.0,1019.0,2025-04-07,2025-09-02,3.0
145A0,株式会社Ｌ　ｉｓ　Ｂ,3,2025-07-09,1050.0,1036.0,2025-04-07,2025-09-02,3.0
145A0,株式会社Ｌ　ｉｓ　Ｂ,4,2025-07-10,1100.0,1050.0,2025-04-07,2025-09-02,3.0
145A0,株式会社Ｌ　ｉｓ　Ｂ,5,2025-07-29,1108.0,1100.0,2025-04-07,2025-09-02,3.0
145A0,株式会社Ｌ　ｉｓ　Ｂ,6,2025-07-30,1124.0,1108.0,2025-04-07,2025-09-02,3.0
145A0,株式会社Ｌ　ｉｓ　Ｂ,7,2025-08-06,1129.0,1124.0,2025-04-07,2025-09-02,3.0
145A0,株式会社Ｌ　ｉｓ　Ｂ,8,2025-08-12,1140.0,1129.0,2025-04-07,2025-09-02,3.0
145A0,株式会社Ｌ　ｉｓ　Ｂ,9,2025-08-13,1145.0,1140.0,2025-04-07,2025-09-02,3.0
145A0,株式会社Ｌ　ｉｓ　Ｂ,10,2025-08-14,1180.0,1145.0,2025-04-07,2025-09-02,3.0
145A0,株式会社Ｌ　ｉｓ　Ｂ,11,2025-08-15,1230.0,1180.0,2025-04-07,2025-09-02,3.0
145A0,株式会社Ｌ　ｉｓ　Ｂ,12,2025-08-18,1256.0,1230.0,2025-04-07,2025-09-02,3.0
145A0,株式会社Ｌ　ｉｓ　Ｂ,13,2025-08-19,1300.0,1256.0,2025-04-07,2025-09-02,3.0
145A0,株式会社Ｌ　ｉｓ　Ｂ,14,2025-08-21,1349.0,1300.0,2025-04-07,2025-09-02,3.0
145A0,株式会社Ｌ　ｉｓ　Ｂ,15,2025-08-22,1375.0,1349.0,2025-04-07,2025-09-02,3.0
145A0,株式会社Ｌ　ｉｓ　Ｂ,16,2025-08-25,1423.0,1375.0,2025-04-07,2025-09-02,3.0
145A0,株式会社Ｌ　ｉｓ　Ｂ,17,2025-08-27,1437.0,1423.0,2025-04-07,2025-09-02,3.0
145A0,株式会社Ｌ　ｉｓ　Ｂ,18,2025-09-01,1450.0,1437.0,2025-04-07,2025-09-02,3.0
145A0,株式会社Ｌ　ｉｓ　Ｂ,19,2025-09-02,1527.0,1450.0,2025-04-07,2025-09-02,3.0
