code,name,seq,entry_date,entry_price,true_high_date,true_high_price,hold_days,worst_drawdown_pct,worst_drawdown_date,final_return_pct
14010,株式会社エムビーエス,1,2023-07-21,516.0,2026-01-20,1847.0,914,-4.84,2023-08-18,257.95
14010,株式会社エムビーエス,2,2023-11-16,570.0,2026-01-20,1847.0,796,-6.14,2023-12-08,224.04
14010,株式会社エムビーエス,16,2025-06-09,900.0,2026-01-20,1847.0,225,0.0,,105.22
14010,株式会社エムビーエス,17,2025-06-10,947.0,2026-01-20,1847.0,224,-1.27,2025-06-11,95.04
14010,株式会社エムビーエス,18,2025-06-11,960.0,2026-01-20,1847.0,223,-2.08,2025-06-13,92.4
14010,株式会社エムビーエス,19,2025-06-12,950.0,2026-01-20,1847.0,222,-1.05,2025-06-13,94.42
14010,株式会社エムビーエス,20,2025-06-16,1100.0,2026-01-20,1847.0,218,0.0,,67.91
14010,株式会社エムビーエス,23,2026-01-19,1675.0,2026-01-20,1847.0,1,-5.07,2026-01-20,10.27
145A0,株式会社Ｌ　ｉｓ　Ｂ,3,2025-07-09,1042.0,2025-09-02,1527.0,55,-5.95,2025-07-15,46.55
145A0,株式会社Ｌ　ｉｓ　Ｂ,4,2025-07-10,1032.0,2025-09-02,1527.0,54,-5.04,2025-07-15,47.97
145A0,株式会社Ｌ　ｉｓ　Ｂ,5,2025-07-29,1093.0,2025-09-02,1527.0,35,-4.85,2025-08-04,39.71
145A0,株式会社Ｌ　ｉｓ　Ｂ,6,2025-07-30,1081.0,2025-09-02,1527.0,34,-3.79,2025-08-04,41.26
145A0,株式会社Ｌ　ｉｓ　Ｂ,7,2025-08-06,1107.0,2025-09-02,1527.0,27,-2.17,2025-08-15,37.94
145A0,株式会社Ｌ　ｉｓ　Ｂ,8,2025-08-12,1088.0,2025-09-02,1527.0,21,-0.46,2025-08-15,40.35
145A0,株式会社Ｌ　ｉｓ　Ｂ,9,2025-08-13,1139.0,2025-09-02,1527.0,20,-4.92,2025-08-15,34.06
145A0,株式会社Ｌ　ｉｓ　Ｂ,11,2025-08-15,1220.0,2025-09-02,1527.0,18,-1.64,2025-08-18,25.16
145A0,株式会社Ｌ　ｉｓ　Ｂ,12,2025-08-18,1251.0,2025-09-02,1527.0,15,-2.96,2025-08-20,22.06
145A0,株式会社Ｌ　ｉｓ　Ｂ,13,2025-08-19,1240.0,2025-09-02,1527.0,14,-2.1,2025-08-20,23.15
145A0,株式会社Ｌ　ｉｓ　Ｂ,14,2025-08-21,1349.0,2025-09-02,1527.0,12,-1.93,2025-08-22,13.19
145A0,株式会社Ｌ　ｉｓ　Ｂ,15,2025-08-22,1353.0,2025-09-02,1527.0,11,-1.4,2025-08-26,12.86
145A0,株式会社Ｌ　ｉｓ　Ｂ,16,2025-08-25,1374.0,2025-09-02,1527.0,8,-2.91,2025-08-26,11.14
145A0,株式会社Ｌ　ｉｓ　Ｂ,17,2025-08-27,1416.0,2025-09-02,1527.0,6,-4.1,2025-08-28,7.84
145A0,株式会社Ｌ　ｉｓ　Ｂ,18,2025-09-01,1433.0,2025-09-02,1527.0,1,-0.91,2025-09-02,6.56
155A0,株式会社情報戦略テクノロジー,1,2025-07-23,561.0,2025-08-01,1019.0,9,-6.95,2025-07-24,81.64
155A0,株式会社情報戦略テクノロジー,2,2025-07-29,669.0,2025-08-01,1019.0,3,0.0,,52.32
155A0,株式会社情報戦略テクノロジー,3,2025-07-30,719.0,2025-08-01,1019.0,2,-2.92,2025-07-31,41.72
157A0,グリーンモンスター株式会社,1,2025-11-17,762.0,2026-01-21,1380.0,65,-4.86,2025-12-05,81.1
194A0,株式会社ＷＯＬＶＥＳ　ＨＡＮＤ,1,2025-09-29,1101.0,2025-11-12,1786.0,44,-5.72,2025-10-01,62.22
194A0,株式会社ＷＯＬＶＥＳ　ＨＡＮＤ,4,2025-10-14,1085.0,2025-11-12,1786.0,29,0.0,,64.61
194A0,株式会社ＷＯＬＶＥＳ　ＨＡＮＤ,5,2025-10-17,1242.0,2025-11-12,1786.0,26,-3.78,2025-10-20,43.8
194A0,株式会社ＷＯＬＶＥＳ　ＨＡＮＤ,6,2025-10-20,1329.0,2025-11-12,1786.0,23,-4.29,2025-10-21,34.39
194A0,株式会社ＷＯＬＶＥＳ　ＨＡＮＤ,7,2025-10-21,1354.0,2025-11-12,1786.0,22,-5.02,2025-10-30,31.91
280A0,株式会社ＴＭＨ,2,2026-05-22,1920.0,2026-05-26,2820.0,4,0.0,,46.88
280A0,株式会社ＴＭＨ,3,2026-05-25,2320.0,2026-05-26,2820.0,1,0.0,,21.55
33000,株式会社アンビションＤＸホールディングス,1,2023-02-15,629.0,2024-11-19,2190.0,643,-1.11,2023-02-17,248.17
33000,株式会社アンビションＤＸホールディングス,2,2023-02-20,678.0,2024-11-19,2190.0,638,-2.51,2023-02-24,223.01
33000,株式会社アンビションＤＸホールディングス,3,2023-02-21,685.0,2024-11-19,2190.0,637,-3.5,2023-02-24,219.71
33000,株式会社アンビションＤＸホールディングス,4,2023-03-03,702.0,2024-11-19,2190.0,627,-5.13,2023-03-20,211.97
33000,株式会社アンビションＤＸホールディングス,8,2023-05-12,744.0,2024-11-19,2190.0,557,-5.11,2023-11-15,194.35
33000,株式会社アンビションＤＸホールディングス,9,2023-05-15,730.0,2024-11-19,2190.0,554,-3.29,2023-11-15,200.0
33000,株式会社アンビションＤＸホールディングス,25,2024-08-13,1062.0,2024-11-19,2190.0,98,0.0,,106.21
33000,株式会社アンビションＤＸホールディングス,26,2024-08-14,1362.0,2024-11-19,2190.0,97,0.0,,60.79
33000,株式会社アンビションＤＸホールディングス,27,2024-08-15,1585.0,2024-11-19,2190.0,96,-4.67,2024-08-21,38.17
33000,株式会社アンビションＤＸホールディングス,28,2024-08-26,1695.0,2024-11-19,2190.0,85,-4.72,2024-09-11,29.2
33000,株式会社アンビションＤＸホールディングス,29,2024-08-27,1706.0,2024-11-19,2190.0,84,-5.33,2024-09-11,28.37
33000,株式会社アンビションＤＸホールディングス,36,2024-11-14,2040.0,2024-11-19,2190.0,5,-4.75,2024-11-15,7.35
33000,株式会社アンビションＤＸホールディングス,37,2024-11-15,1998.0,2024-11-19,2190.0,4,-1.0,2024-11-18,9.61
33000,株式会社アンビションＤＸホールディングス,38,2024-11-18,2125.0,2024-11-19,2190.0,1,-1.18,2024-11-19,3.06
35420,株式会社ベガコーポレーション,15,2025-06-04,1336.0,2025-06-27,1782.0,23,-3.89,2025-06-05,33.38
35420,株式会社ベガコーポレーション,16,2025-06-09,1345.0,2025-06-27,1782.0,18,0.0,,32.49
35420,株式会社ベガコーポレーション,17,2025-06-10,1388.0,2025-06-27,1782.0,17,-2.45,2025-06-13,28.39
35420,株式会社ベガコーポレーション,18,2025-06-11,1404.0,2025-06-27,1782.0,16,-3.56,2025-06-13,26.92
35420,株式会社ベガコーポレーション,19,2025-06-12,1411.0,2025-06-27,1782.0,15,-4.04,2025-06-13,26.29
35420,株式会社ベガコーポレーション,20,2025-06-16,1435.0,2025-06-27,1782.0,11,-2.3,2025-06-17,24.18
35420,株式会社ベガコーポレーション,21,2025-06-18,1468.0,2025-06-27,1782.0,9,-1.02,2025-06-19,21.39
35420,株式会社ベガコーポレーション,22,2025-06-19,1539.0,2025-06-27,1782.0,8,-2.53,2025-06-20,15.79
35420,株式会社ベガコーポレーション,23,2025-06-20,1558.0,2025-06-27,1782.0,7,-2.95,2025-06-23,14.38
35420,株式会社ベガコーポレーション,24,2025-06-23,1557.0,2025-06-27,1782.0,4,-0.96,2025-06-24,14.45
35420,株式会社ベガコーポレーション,25,2025-06-24,1581.0,2025-06-27,1782.0,3,-0.82,2025-06-25,12.71
35420,株式会社ベガコーポレーション,26,2025-06-25,1615.0,2025-06-27,1782.0,2,-2.48,2025-06-26,10.34
35420,株式会社ベガコーポレーション,27,2025-06-26,1615.0,2025-06-27,1782.0,1,0.0,,10.34
35560,リネットジャパングループ株式会社,9,2025-05-15,338.0,2025-06-06,543.0,22,-0.89,2025-05-16,60.65
35560,リネットジャパングループ株式会社,10,2025-05-19,353.0,2025-06-06,543.0,18,0.0,,53.82
35560,リネットジャパングループ株式会社,11,2025-05-20,379.0,2025-06-06,543.0,17,-0.53,2025-05-21,43.27
35560,リネットジャパングループ株式会社,13,2025-05-23,389.0,2025-06-06,543.0,14,0.0,,39.59
35560,リネットジャパングループ株式会社,14,2025-05-29,423.0,2025-06-06,543.0,8,-2.36,2025-06-02,28.37
35560,リネットジャパングループ株式会社,15,2025-06-02,414.0,2025-06-06,543.0,4,0.0,,31.16
35560,リネットジャパングループ株式会社,16,2025-06-03,474.0,2025-06-06,543.0,3,0.0,,14.56
35560,リネットジャパングループ株式会社,17,2025-06-04,498.0,2025-06-06,543.0,2,-3.61,2025-06-06,9.04
35560,リネットジャパングループ株式会社,18,2025-06-05,499.0,2025-06-06,543.0,1,-3.81,2025-06-06,8.82
36920,株式会社ＦＦＲＩセキュリティ,5,2024-02-14,1739.0,2025-05-16,5010.0,457,-6.96,2024-08-05,188.1
36920,株式会社ＦＦＲＩセキュリティ,6,2024-02-15,1730.0,2025-05-16,5010.0,456,-6.47,2024-08-05,189.6
36920,株式会社ＦＦＲＩセキュリティ,23,2025-05-15,4305.0,2025-05-16,5010.0,1,0.0,,16.38
39050,データセクション株式会社,4,2024-01-12,485.0,2024-01-17,738.0,5,0.0,,52.16
39050,データセクション株式会社,5,2024-01-15,565.0,2024-01-17,738.0,2,0.0,,30.62
40750,ブレインズテクノロジー株式会社,10,2026-03-09,1126.0,2026-03-12,1680.0,3,0.0,,49.2
40750,ブレインズテクノロジー株式会社,11,2026-03-10,1316.0,2026-03-12,1680.0,2,-3.65,2026-03-11,27.66
40750,ブレインズテクノロジー株式会社,12,2026-03-11,1429.0,2026-03-12,1680.0,1,-5.53,2026-03-12,17.56
42550,ＴＨＥＣＯＯ株式会社,6,2025-08-13,940.0,2025-11-25,1888.0,104,-6.38,2025-08-14,100.85
42550,ＴＨＥＣＯＯ株式会社,7,2025-08-14,929.0,2025-11-25,1888.0,103,-3.44,2025-08-15,103.23
42550,ＴＨＥＣＯＯ株式会社,10,2025-11-14,1461.0,2025-11-25,1888.0,11,0.0,,29.23
42590,株式会社エクサウィザーズ,7,2025-09-19,565.0,2025-11-12,743.0,54,-5.66,2025-09-25,31.5
42590,株式会社エクサウィザーズ,8,2025-10-06,578.0,2025-11-12,743.0,37,-2.08,2025-10-14,28.55
42590,株式会社エクサウィザーズ,9,2025-10-07,600.0,2025-11-12,743.0,36,-5.67,2025-10-14,23.83
42590,株式会社エクサウィザーズ,11,2025-10-28,632.0,2025-11-12,743.0,15,-4.75,2025-10-30,17.56
44120,株式会社サイエンスアーツ,8,2025-04-15,834.0,2025-07-10,1241.0,86,-3.24,2025-05-02,48.8
44120,株式会社サイエンスアーツ,10,2025-05-14,984.0,2025-07-10,1241.0,57,0.0,,26.12
44120,株式会社サイエンスアーツ,11,2025-05-15,1039.0,2025-07-10,1241.0,56,-3.27,2025-05-16,19.44
44120,株式会社サイエンスアーツ,12,2025-05-19,1047.0,2025-07-10,1241.0,52,-3.53,2025-07-03,18.53
44120,株式会社サイエンスアーツ,13,2025-05-20,1080.0,2025-07-10,1241.0,51,-6.48,2025-07-03,14.91
44180,株式会社ＪＤＳＣ,23,2025-10-21,1381.0,2025-10-23,1946.0,2,0.0,,40.91
44180,株式会社ＪＤＳＣ,24,2025-10-22,1665.0,2025-10-23,1946.0,1,-1.92,2025-10-23,16.88
44790,株式会社マクアケ,3,2025-06-05,854.0,2025-08-27,1345.0,83,-1.87,2025-06-09,57.49
44790,株式会社マクアケ,4,2025-06-06,878.0,2025-08-27,1345.0,82,-4.56,2025-06-09,53.19
44790,株式会社マクアケ,5,2025-06-09,862.0,2025-08-27,1345.0,79,-1.62,2025-07-03,56.03
44790,株式会社マクアケ,9,2025-07-25,968.0,2025-08-27,1345.0,33,-4.96,2025-07-29,38.95
44790,株式会社マクアケ,10,2025-07-28,950.0,2025-08-27,1345.0,30,-3.16,2025-07-29,41.58
44790,株式会社マクアケ,11,2025-07-30,1030.0,2025-08-27,1345.0,28,-5.05,2025-08-04,30.58
44790,株式会社マクアケ,12,2025-08-04,1089.0,2025-08-27,1345.0,23,0.0,,23.51
44790,株式会社マクアケ,13,2025-08-05,1137.0,2025-08-27,1345.0,22,-3.69,2025-08-15,18.29
44790,株式会社マクアケ,14,2025-08-06,1145.0,2025-08-27,1345.0,21,-4.37,2025-08-15,17.47
45700,株式会社免疫生物研究所,3,2023-07-10,591.0,2023-08-14,929.0,35,-4.74,2023-07-11,57.19
45700,株式会社免疫生物研究所,6,2023-08-09,779.0,2023-08-14,929.0,5,-2.18,2023-08-14,19.26
45700,株式会社免疫生物研究所,7,2023-08-10,804.0,2023-08-14,929.0,4,-5.22,2023-08-14,15.55
45790,ラクオリア創薬株式会社,2,2025-11-25,689.0,2025-11-28,904.0,3,-2.03,2025-11-26,31.2
45790,ラクオリア創薬株式会社,3,2025-11-26,750.0,2025-11-28,904.0,2,-2.8,2025-11-27,20.53
45790,ラクオリア創薬株式会社,4,2025-11-27,754.0,2025-11-28,904.0,1,0.0,,19.89
50290,サークレイス株式会社,2,2025-01-22,888.0,2025-04-24,1379.0,92,-5.86,2025-01-29,55.29
50290,サークレイス株式会社,5,2025-01-30,906.0,2025-04-24,1379.0,84,-4.3,2025-04-07,52.21
50290,サークレイス株式会社,8,2025-04-23,1190.0,2025-04-24,1379.0,1,-2.02,2025-04-24,15.88
50310,モイ株式会社,4,2026-05-21,437.0,2026-05-22,747.0,1,0.0,,70.94
55320,株式会社リアルゲイト,15,2025-08-15,3030.0,2025-08-18,3220.0,3,0.0,,6.27
55780,ＡＲアドバンストテクノロジ株式会社,1,2025-07-10,2122.0,2025-09-25,3425.0,77,0.0,,61.4
55780,ＡＲアドバンストテクノロジ株式会社,2,2025-07-11,2222.0,2025-09-25,3425.0,76,0.0,,54.14
55780,ＡＲアドバンストテクノロジ株式会社,4,2025-07-15,2573.0,2025-09-25,3425.0,72,-3.03,2025-07-23,33.11
55780,ＡＲアドバンストテクノロジ株式会社,5,2025-07-28,2759.0,2025-09-25,3425.0,59,-4.64,2025-08-29,24.14
55780,ＡＲアドバンストテクノロジ株式会社,9,2025-09-16,3030.0,2025-09-25,3425.0,9,-0.99,2025-09-19,13.04
55780,ＡＲアドバンストテクノロジ株式会社,11,2025-09-24,3235.0,2025-09-25,3425.0,1,0.0,,5.87
55920,株式会社くすりの窓口,4,2025-04-14,2135.0,2025-06-12,3170.0,59,-6.32,2025-05-14,48.48
55920,株式会社くすりの窓口,8,2025-05-14,2294.0,2025-06-12,3170.0,29,-1.79,2025-05-15,38.19
55920,株式会社くすりの窓口,9,2025-05-27,2520.0,2025-06-12,3170.0,16,0.0,,25.79
55920,株式会社くすりの窓口,10,2025-05-28,2588.0,2025-06-12,3170.0,15,-0.19,2025-05-29,22.49
55920,株式会社くすりの窓口,11,2025-05-29,2636.0,2025-06-12,3170.0,14,-1.82,2025-05-30,20.26
55920,株式会社くすりの窓口,12,2025-06-02,2695.0,2025-06-12,3170.0,10,-0.19,2025-06-06,17.63
55920,株式会社くすりの窓口,13,2025-06-03,2810.0,2025-06-12,3170.0,9,-4.27,2025-06-06,12.81
55920,株式会社くすりの窓口,14,2025-06-05,2765.0,2025-06-12,3170.0,7,-2.71,2025-06-06,14.65
55920,株式会社くすりの窓口,15,2025-06-10,3045.0,2025-06-12,3170.0,2,-1.15,2025-06-11,4.11
55920,株式会社くすりの窓口,16,2025-06-11,3105.0,2025-06-12,3170.0,1,-0.64,2025-06-12,2.09
56210,株式会社ヒューマンテクノロジーズ,2,2025-05-16,1930.0,2025-06-10,2197.0,25,-2.69,2025-05-23,13.83
56210,株式会社ヒューマンテクノロジーズ,4,2025-06-09,2131.0,2025-06-10,2197.0,1,-1.74,2025-06-10,3.1
58920,株式会社ｙｕｔｏｒｉ,1,2025-05-13,2998.0,2025-05-20,3590.0,7,-3.6,2025-05-15,19.75
58920,株式会社ｙｕｔｏｒｉ,3,2025-05-16,3090.0,2025-05-20,3590.0,4,0.0,,16.18
60720,地盤ネットホールディングス株式会社,8,2026-02-10,248.0,2026-02-13,648.0,3,0.0,,161.29
60720,地盤ネットホールディングス株式会社,9,2026-02-12,328.0,2026-02-13,648.0,1,0.0,,97.56
61660,株式会社中村超硬,1,2026-01-19,469.0,2026-01-20,789.0,1,0.0,,68.23
65800,株式会社ライトアップ,12,2025-05-29,1815.0,2025-06-17,2347.0,19,-5.29,2025-06-05,29.31
65800,株式会社ライトアップ,15,2025-06-10,1874.0,2025-06-17,2347.0,7,-1.55,2025-06-11,25.24
65800,株式会社ライトアップ,16,2025-06-13,1962.0,2025-06-17,2347.0,4,-2.45,2025-06-16,19.62
65800,株式会社ライトアップ,17,2025-06-16,2038.0,2025-06-17,2347.0,1,0.0,,15.16
65970,ＨＰＣシステムズ株式会社,10,2026-04-03,2598.0,2026-04-06,3390.0,3,-4.81,2026-04-06,30.48
70840,株式会社Ｓｍｉｌｅ　Ｈｏｌｄｉｎｇｓ,2,2025-02-26,1049.0,2025-09-02,2470.0,188,0.0,,135.46
70840,株式会社Ｓｍｉｌｅ　Ｈｏｌｄｉｎｇｓ,5,2025-05-19,1767.0,2025-09-02,2470.0,106,-4.3,2025-06-05,39.78
70840,株式会社Ｓｍｉｌｅ　Ｈｏｌｄｉｎｇｓ,6,2025-05-20,1787.0,2025-09-02,2470.0,105,-5.37,2025-06-05,38.22
70840,株式会社Ｓｍｉｌｅ　Ｈｏｌｄｉｎｇｓ,7,2025-07-14,1840.0,2025-09-02,2470.0,50,-2.5,2025-07-17,34.24
70840,株式会社Ｓｍｉｌｅ　Ｈｏｌｄｉｎｇｓ,8,2025-07-28,1897.0,2025-09-02,2470.0,36,-1.63,2025-07-29,30.21
70840,株式会社Ｓｍｉｌｅ　Ｈｏｌｄｉｎｇｓ,9,2025-07-29,1888.0,2025-09-02,2470.0,35,-0.42,2025-07-30,30.83
70840,株式会社Ｓｍｉｌｅ　Ｈｏｌｄｉｎｇｓ,10,2025-07-30,1895.0,2025-09-02,2470.0,34,0.0,,30.34
70840,株式会社Ｓｍｉｌｅ　Ｈｏｌｄｉｎｇｓ,11,2025-07-31,1915.0,2025-09-02,2470.0,33,0.0,,28.98
70840,株式会社Ｓｍｉｌｅ　Ｈｏｌｄｉｎｇｓ,12,2025-08-01,1960.0,2025-09-02,2470.0,32,-1.28,2025-08-05,26.02
70840,株式会社Ｓｍｉｌｅ　Ｈｏｌｄｉｎｇｓ,13,2025-08-06,1983.0,2025-09-02,2470.0,27,-1.16,2025-08-14,24.56
70840,株式会社Ｓｍｉｌｅ　Ｈｏｌｄｉｎｇｓ,14,2025-08-13,1968.0,2025-09-02,2470.0,20,-0.41,2025-08-14,25.51
70840,株式会社Ｓｍｉｌｅ　Ｈｏｌｄｉｎｇｓ,15,2025-08-15,2015.0,2025-09-02,2470.0,18,0.0,,22.58
70840,株式会社Ｓｍｉｌｅ　Ｈｏｌｄｉｎｇｓ,16,2025-08-18,2047.0,2025-09-02,2470.0,15,-1.03,2025-08-19,20.66
70840,株式会社Ｓｍｉｌｅ　Ｈｏｌｄｉｎｇｓ,17,2025-08-20,2057.0,2025-09-02,2470.0,13,0.0,,20.08
70840,株式会社Ｓｍｉｌｅ　Ｈｏｌｄｉｎｇｓ,18,2025-08-21,2083.0,2025-09-02,2470.0,12,-0.14,2025-08-22,18.58
70840,株式会社Ｓｍｉｌｅ　Ｈｏｌｄｉｎｇｓ,19,2025-08-22,2100.0,2025-09-02,2470.0,11,0.0,,17.62
70840,株式会社Ｓｍｉｌｅ　Ｈｏｌｄｉｎｇｓ,20,2025-08-25,2147.0,2025-09-02,2470.0,8,-2.0,2025-08-26,15.04
70840,株式会社Ｓｍｉｌｅ　Ｈｏｌｄｉｎｇｓ,21,2025-08-26,2147.0,2025-09-02,2470.0,7,-0.98,2025-08-27,15.04
70840,株式会社Ｓｍｉｌｅ　Ｈｏｌｄｉｎｇｓ,22,2025-08-27,2144.0,2025-09-02,2470.0,6,-0.75,2025-08-28,15.21
70840,株式会社Ｓｍｉｌｅ　Ｈｏｌｄｉｎｇｓ,23,2025-08-28,2196.0,2025-09-02,2470.0,5,-0.5,2025-08-29,12.48
70840,株式会社Ｓｍｉｌｅ　Ｈｏｌｄｉｎｇｓ,24,2025-08-29,2214.0,2025-09-02,2470.0,4,0.0,,11.56
70840,株式会社Ｓｍｉｌｅ　Ｈｏｌｄｉｎｇｓ,25,2025-09-01,2250.0,2025-09-02,2470.0,1,0.0,,9.78
70970,株式会社さくらさくプラス,4,2024-12-16,1615.0,2025-01-08,2268.0,23,0.0,,40.43
70970,株式会社さくらさくプラス,5,2024-12-17,1903.0,2025-01-08,2268.0,22,-1.31,2024-12-24,19.18
70970,株式会社さくらさくプラス,6,2024-12-18,1940.0,2025-01-08,2268.0,21,-3.2,2024-12-24,16.91
70970,株式会社さくらさくプラス,7,2024-12-30,2039.0,2025-01-08,2268.0,9,0.0,,11.23
70970,株式会社さくらさくプラス,8,2025-01-06,2126.0,2025-01-08,2268.0,2,0.0,,6.68
70970,株式会社さくらさくプラス,9,2025-01-07,2168.0,2025-01-08,2268.0,1,0.0,,4.61
73180,セレンディップ・ホールディングス株式会社,1,2023-03-22,865.0,2025-06-20,3400.0,821,-1.62,2023-03-23,293.06
73180,セレンディップ・ホールディングス株式会社,20,2025-05-13,1797.0,2025-06-20,3400.0,38,-5.01,2025-05-14,89.2
73180,セレンディップ・ホールディングス株式会社,21,2025-05-19,2149.0,2025-06-20,3400.0,32,-4.37,2025-05-20,58.21
73180,セレンディップ・ホールディングス株式会社,22,2025-05-20,2123.0,2025-06-20,3400.0,31,0.0,,60.15
73180,セレンディップ・ホールディングス株式会社,23,2025-05-21,2250.0,2025-06-20,3400.0,30,-2.22,2025-05-22,51.11
73180,セレンディップ・ホールディングス株式会社,24,2025-05-22,2414.0,2025-06-20,3400.0,29,-6.67,2025-05-23,40.85
73180,セレンディップ・ホールディングス株式会社,25,2025-05-28,2445.0,2025-06-20,3400.0,23,-1.02,2025-05-29,39.06
73180,セレンディップ・ホールディングス株式会社,26,2025-06-02,2725.0,2025-06-20,3400.0,18,-1.98,2025-06-03,24.77
73180,セレンディップ・ホールディングス株式会社,28,2025-06-19,3190.0,2025-06-20,3400.0,1,-5.02,2025-06-20,6.58
73750,株式会社リファインバースグループ,12,2026-04-03,1530.0,2026-04-06,1930.0,3,0.0,,26.14
73780,株式会社アシロ,2,2024-09-17,1020.0,2024-12-17,1951.0,91,-4.9,2024-09-18,91.27
73780,株式会社アシロ,3,2024-09-18,1004.0,2024-12-17,1951.0,90,-2.79,2024-09-30,94.32
73780,株式会社アシロ,6,2024-12-02,1150.0,2024-12-17,1951.0,15,-1.3,2024-12-11,69.65
73780,株式会社アシロ,8,2024-12-16,1551.0,2024-12-17,1951.0,1,0.0,,25.79
74090,ＡｅｒｏＥｄｇｅ株式会社,5,2025-07-29,3140.0,2025-08-15,4780.0,17,-1.43,2025-07-30,52.23
74090,ＡｅｒｏＥｄｇｅ株式会社,6,2025-07-30,3275.0,2025-08-15,4780.0,16,-2.29,2025-08-05,45.95
74090,ＡｅｒｏＥｄｇｅ株式会社,7,2025-07-31,3380.0,2025-08-15,4780.0,15,-5.33,2025-08-05,41.42
74090,ＡｅｒｏＥｄｇｅ株式会社,8,2025-08-01,3395.0,2025-08-15,4780.0,14,-5.74,2025-08-05,40.8
74090,ＡｅｒｏＥｄｇｅ株式会社,9,2025-08-06,3430.0,2025-08-15,4780.0,9,-3.64,2025-08-12,39.36
74090,ＡｅｒｏＥｄｇｅ株式会社,10,2025-08-14,4080.0,2025-08-15,4780.0,1,-0.12,2025-08-15,17.16
76940,株式会社いつも,4,2025-07-04,845.0,2025-07-07,995.0,3,0.0,,17.75
77770,株式会社スリー・ディー・マトリックス,11,2025-09-12,290.0,2025-09-16,343.0,4,0.0,,18.28
78060,株式会社ＭＴＧ,16,2025-03-11,2365.0,2025-07-10,4295.0,121,-1.48,2025-03-12,81.61
78060,株式会社ＭＴＧ,17,2025-03-12,2429.0,2025-07-10,4295.0,120,-1.77,2025-04-07,76.82
78060,株式会社ＭＴＧ,18,2025-03-13,2547.0,2025-07-10,4295.0,119,-6.32,2025-04-07,68.63
78060,株式会社ＭＴＧ,19,2025-03-14,2549.0,2025-07-10,4295.0,118,-6.39,2025-04-07,68.5
78060,株式会社ＭＴＧ,20,2025-03-17,2553.0,2025-07-10,4295.0,115,-6.54,2025-04-07,68.23
78060,株式会社ＭＴＧ,24,2025-04-24,2845.0,2025-07-10,4295.0,77,-2.71,2025-04-25,50.97
78060,株式会社ＭＴＧ,25,2025-04-30,2904.0,2025-07-10,4295.0,71,-3.0,2025-05-02,47.9
78060,株式会社ＭＴＧ,26,2025-05-01,2903.0,2025-07-10,4295.0,70,-2.96,2025-05-02,47.95
78060,株式会社ＭＴＧ,27,2025-05-07,3185.0,2025-07-10,4295.0,64,-3.77,2025-05-08,34.85
78060,株式会社ＭＴＧ,28,2025-05-09,3460.0,2025-07-10,4295.0,62,-4.19,2025-05-21,24.13
78060,株式会社ＭＴＧ,29,2025-05-13,3475.0,2025-07-10,4295.0,58,-4.6,2025-05-21,23.6
78060,株式会社ＭＴＧ,30,2025-05-16,3470.0,2025-07-10,4295.0,55,-4.47,2025-05-21,23.78
78060,株式会社ＭＴＧ,31,2025-06-02,3705.0,2025-07-10,4295.0,38,-4.05,2025-06-20,15.92
78060,株式会社ＭＴＧ,32,2025-06-04,3765.0,2025-07-10,4295.0,36,-5.58,2025-06-20,14.08
78060,株式会社ＭＴＧ,33,2025-06-05,3750.0,2025-07-10,4295.0,35,-5.2,2025-06-20,14.53
78060,株式会社ＭＴＧ,35,2025-07-09,4150.0,2025-07-10,4295.0,1,-1.57,2025-07-10,3.49
92110,株式会社エフ・コード,1,2024-01-16,2581.0,2024-01-30,3165.0,14,-2.32,2024-01-17,22.63
92110,株式会社エフ・コード,2,2024-01-19,2815.0,2024-01-30,3165.0,11,-2.13,2024-01-22,12.43
92110,株式会社エフ・コード,3,2024-01-22,2910.0,2024-01-30,3165.0,8,-4.5,2024-01-26,8.76
92110,株式会社エフ・コード,4,2024-01-24,2933.0,2024-01-30,3165.0,6,-5.25,2024-01-26,7.91
92410,株式会社フューチャーリンクネットワーク,10,2025-07-29,2275.0,2025-08-01,3670.0,3,0.0,,61.32
92560,株式会社サクシード,5,2026-05-12,974.0,2026-05-22,2377.0,10,0.0,,144.05
92560,株式会社サクシード,6,2026-05-13,1124.0,2026-05-22,2377.0,9,0.0,,111.48
92560,株式会社サクシード,11,2026-05-20,2045.0,2026-05-22,2377.0,2,-4.35,2026-05-21,16.23
92700,バリュエンスホールディングス株式会社,1,2025-12-24,1095.0,2026-04-06,2139.0,103,-1.83,2026-01-05,95.34
92700,バリュエンスホールディングス株式会社,3,2026-01-09,1309.0,2026-04-06,2139.0,87,0.0,,63.41
92700,バリュエンスホールディングス株式会社,4,2026-01-13,1609.0,2026-04-06,2139.0,83,-0.5,2026-01-14,32.94
92700,バリュエンスホールディングス株式会社,8,2026-04-03,1977.0,2026-04-06,2139.0,3,0.0,,8.19
92710,株式会社和心,5,2025-08-19,755.0,2025-10-30,1119.0,72,-6.75,2025-08-28,48.21
92710,株式会社和心,10,2025-10-28,990.0,2025-10-30,1119.0,2,-4.65,2025-10-29,13.03
92710,株式会社和心,11,2025-10-29,1029.0,2025-10-30,1119.0,1,-2.72,2025-10-30,8.75
95540,株式会社ＡＶｉＣ,5,2024-12-11,1268.0,2025-06-10,2284.0,181,-4.57,2024-12-20,80.13
95540,株式会社ＡＶｉＣ,6,2024-12-18,1297.0,2025-06-10,2284.0,174,-6.71,2024-12-20,76.1
95540,株式会社ＡＶｉＣ,7,2024-12-24,1317.0,2025-06-10,2284.0,168,-2.66,2025-01-15,73.42
95540,株式会社ＡＶｉＣ,8,2024-12-25,1304.0,2025-06-10,2284.0,167,-1.69,2025-01-15,75.15
95540,株式会社ＡＶｉＣ,24,2025-04-16,1740.0,2025-06-10,2284.0,55,-4.89,2025-05-16,31.26
95540,株式会社ＡＶｉＣ,29,2025-05-29,1915.0,2025-06-10,2284.0,12,-4.13,2025-06-03,19.27
95540,株式会社ＡＶｉＣ,30,2025-06-06,1997.0,2025-06-10,2284.0,4,0.0,,14.37
95540,株式会社ＡＶｉＣ,31,2025-06-09,2100.0,2025-06-10,2284.0,1,0.0,,8.76
95560,ＩＮＴＬＯＯＰ株式会社,13,2025-07-04,6700.0,2025-07-24,7040.0,20,-4.63,2025-07-18,5.07
