code,name,low_date,low_price,high_date,high_price,multiple,old_high_date,old_multiple,days_earlier
76850,株式会社ＢｕｙＳｅｌｌ　Ｔｅｃｈｎｏｌｏｇｉｅｓ,2022-02-24,2200.0,2023-01-24,6600.0,3.0,2026-03-12,3.01,1143
43950,株式会社アクリート,2022-01-27,941.0,2023-01-04,3320.0,3.53,2025-08-26,3.08,965
43930,株式会社バンク・オブ・イノベーション,2022-01-28,1485.0,2023-01-04,6540.0,4.4,2025-07-31,3.03,939
73590,株式会社東京通信グループ,2022-05-16,527.0,2023-01-20,1654.0,3.14,2025-08-13,3.1,936
92270,マイクロ波化学株式会社,2022-07-08,695.0,2023-06-29,2109.0,3.03,2026-01-14,3.77,930
29980,クリアル株式会社,2022-06-20,983.0,2023-04-28,3525.0,3.59,2025-08-22,3.01,847
45700,株式会社免疫生物研究所,2022-12-28,297.0,2023-08-14,929.0,3.13,2025-11-19,3.44,828
95530,株式会社マイクロアド,2022-10-03,762.0,2023-06-29,5930.0,7.78,2025-08-15,3.06,778
39050,データセクション株式会社,2023-01-17,238.0,2024-01-17,738.0,3.1,2025-07-31,5.8,561
92110,株式会社エフ・コード,2023-10-23,1041.0,2024-01-30,3165.0,3.04,2025-07-31,3.02,548
25860,株式会社フルッタフルッタ,2024-08-05,29.0,2024-08-15,95.0,3.28,2025-07-31,12.76,350
33000,株式会社アンビションＤＸホールディングス,2023-12-18,712.0,2024-11-19,2190.0,3.08,2025-08-04,3.01,258
73780,株式会社アシロ,2024-08-05,616.0,2024-12-17,1951.0,3.17,2025-07-31,3.27,226
70970,株式会社さくらさくプラス,2024-01-09,747.0,2025-01-08,2268.0,3.04,2025-07-31,3.27,204
52430,ｎｏｔｅ株式会社,2024-08-05,416.0,2025-01-27,1284.0,3.09,2025-07-31,3.18,185
92400,株式会社デリバリーコンサルティング,2025-04-07,299.0,2025-06-25,926.0,3.1,2025-10-07,3.12,104
50290,サークレイス株式会社,2024-08-05,400.0,2025-04-24,1379.0,3.45,2025-07-31,3.54,98
36920,株式会社ＦＦＲＩセキュリティ,2024-08-05,1669.0,2025-05-16,5010.0,3.0,2025-07-31,3.74,76
40130,勤次郎株式会社,2024-08-05,275.0,2025-05-19,855.0,3.11,2025-07-31,3.64,73
58920,株式会社ｙｕｔｏｒｉ,2024-08-05,1159.0,2025-05-20,3590.0,3.1,2025-07-31,3.93,72
153A0,株式会社カウリス,2025-04-07,692.0,2025-06-12,2088.0,3.02,2025-08-15,3.38,64
95540,株式会社ＡＶｉＣ,2024-08-05,731.0,2025-06-10,2284.0,3.12,2025-08-05,3.03,56
35560,リネットジャパングループ株式会社,2024-08-06,171.0,2025-06-06,543.0,3.18,2025-07-31,3.65,55
56210,株式会社ヒューマンテクノロジーズ,2024-08-05,723.0,2025-06-10,2197.0,3.04,2025-07-31,3.01,51
55920,株式会社くすりの窓口,2024-08-05,1040.0,2025-06-12,3170.0,3.05,2025-07-31,3.14,49
65800,株式会社ライトアップ,2024-08-05,760.0,2025-06-17,2347.0,3.09,2025-07-31,3.67,44
73180,セレンディップ・ホールディングス株式会社,2024-08-05,1092.0,2025-06-20,3400.0,3.11,2025-07-31,3.41,41
35420,株式会社ベガコーポレーション,2024-12-25,586.0,2025-06-27,1782.0,3.04,2025-07-31,3.93,34
76940,株式会社いつも,2025-04-07,318.0,2025-07-07,995.0,3.13,2025-07-31,3.25,24
78060,株式会社ＭＴＧ,2024-08-05,1398.0,2025-07-10,4295.0,3.07,2025-07-31,3.55,21
44120,株式会社サイエンスアーツ,2024-08-05,411.0,2025-07-10,1241.0,3.02,2025-07-31,3.19,21
95560,ＩＮＴＬＯＯＰ株式会社,2024-08-05,2312.0,2025-07-24,7040.0,3.04,2025-07-31,3.15,7
218A0,株式会社Ｌｉｂｅｒａｗａｒｅ,2024-08-05,342.0,2025-07-29,1782.0,5.21,2025-07-31,4.99,2
60720,地盤ネットホールディングス株式会社,2025-04-07,133.0,2026-02-13,648.0,4.87,2026-02-13,4.87,0
65970,ＨＰＣシステムズ株式会社,2025-04-07,950.0,2026-04-06,3390.0,3.57,2026-04-06,3.57,0
77770,株式会社スリー・ディー・マトリックス,2024-10-25,100.0,2025-09-16,343.0,3.43,2025-09-16,3.43,0
50310,モイ株式会社,2025-07-03,224.0,2026-05-22,747.0,3.33,2026-05-22,3.33,0
155A0,株式会社情報戦略テクノロジー,2025-04-07,308.0,2025-08-01,1019.0,3.31,2025-08-01,3.31,0
92410,株式会社フューチャーリンクネットワーク,2025-01-15,1120.0,2025-08-01,3670.0,3.28,2025-08-01,3.28,0
70840,株式会社Ｓｍｉｌｅ　Ｈｏｌｄｉｎｇｓ,2024-12-26,763.0,2025-09-02,2470.0,3.24,2025-09-02,3.24,0
92710,株式会社和心,2025-04-07,349.0,2025-10-30,1119.0,3.21,2025-10-30,3.21,0
61660,株式会社中村超硬,2025-12-11,247.0,2026-01-20,789.0,3.19,2026-01-20,3.19,0
280A0,株式会社ＴＭＨ,2025-12-02,883.0,2026-05-26,2820.0,3.19,2026-05-26,3.19,0
194A0,株式会社ＷＯＬＶＥＳ　ＨＡＮＤ,2025-04-07,567.0,2025-11-12,1786.0,3.15,2025-11-12,3.15,0
55320,株式会社リアルゲイト,2025-04-07,1035.0,2025-08-18,3220.0,3.11,2025-08-18,3.11,0
41700,株式会社Ｋａｉｚｅｎ　Ｐｌａｔｆｏｒｍ,2026-06-16,97.0,2026-08-26,302.0,3.11,2026-08-26,3.11,0
44180,株式会社ＪＤＳＣ,2025-04-07,628.0,2025-10-23,1946.0,3.1,2025-10-23,3.1,0
157A0,グリーンモンスター株式会社,2025-04-04,445.0,2026-01-21,1380.0,3.1,2026-01-21,3.1,0
14010,株式会社エムビーエス,2025-04-09,599.0,2026-01-20,1847.0,3.08,2026-01-20,3.08,0
92560,株式会社サクシード,2026-04-28,773.0,2026-05-22,2377.0,3.08,2026-05-22,3.08,0
55780,ＡＲアドバンストテクノロジ株式会社,2024-10-25,1116.0,2025-09-25,3425.0,3.07,2025-09-25,3.07,0
42590,株式会社エクサウィザーズ,2025-04-07,243.0,2025-11-12,743.0,3.06,2025-11-12,3.06,0
73750,株式会社リファインバースグループ,2025-04-09,630.0,2026-04-06,1930.0,3.06,2026-04-06,3.06,0
40750,ブレインズテクノロジー株式会社,2025-04-09,551.0,2026-03-12,1680.0,3.05,2026-03-12,3.05,0
92700,バリュエンスホールディングス株式会社,2025-04-07,703.0,2026-04-06,2139.0,3.04,2026-04-06,3.04,0
42550,ＴＨＥＣＯＯ株式会社,2024-12-26,623.0,2025-11-25,1888.0,3.03,2025-11-25,3.03,0
44790,株式会社マクアケ,2024-12-25,445.0,2025-08-27,1345.0,3.02,2025-08-27,3.02,0
45790,ラクオリア創薬株式会社,2025-04-07,301.0,2025-11-28,904.0,3.0,2025-11-28,3.0,0
74090,ＡｅｒｏＥｄｇｅ株式会社,2024-09-18,1592.0,2025-08-15,4780.0,3.0,2025-08-15,3.0,0
145A0,株式会社Ｌ　ｉｓ　Ｂ,2025-04-07,509.0,2025-09-02,1527.0,3.0,2025-09-02,3.0,0
319A0,株式会社技術承継機構,2025-02-14,3340.0,2026-02-10,10300.0,3.08,2025-11-05,3.02,-97
276A0,ククレブ・アドバイザーズ株式会社,2024-12-12,1014.0,2025-11-28,3305.0,3.26,2025-07-31,6.0,-120
